species,spec_code,genus,demers_pelag,ana_cat,depth_range_shallow,depth_range_deep,depth_range_com_shallow,depth_range_com_deep,longevity_wild,vulnerability,length,l_type_max_m,common_length,l_type_com_m,weight,importance,family,order,class,super_class,stock_code,tm,lm,fecundity_mean,herbivory2,feeding_type,schooling,trophic_num,wmax,lmax,tmax,loo,k,winfinity,rm,egg_dia
Ablennes hians,972,Ablennes,reef-associated,oceanodromous,0,3,NA,NA,NA,39.61,140,TL,70,SL,4800,minor commercial,Belonidae,Beloniformes,Teleostei,Osteichthyes,NA,NA,NA,NA,NA,NA,NA,NA,NA,NA,NA,NA,NA,NA,NA,NA
Acanthostracion polygonium,4287,Acanthostracion,reef-associated,NA,3,80,NA,NA,NA,40,50,TL,25,TL,152.399993896484,commercial,Ostraciidae,Tetraodontiformes,Teleostei,Osteichthyes,NA,NA,NA,NA,NA,NA,NA,NA,NA,NA,NA,NA,NA,NA,NA,NA
Aluterus heudelotii,4273,Aluterus,demersal,NA,3,2000,10,100,NA,35,45,TL,30,TL,NA,NA,Monacanthidae,Tetraodontiformes,Teleostei,Osteichthyes,NA,NA,NA,NA,NA,NA,NA,NA,NA,NA,NA,NA,NA,NA,NA,NA
Aluterus monoceros,4274,Aluterus,reef-associated,NA,1,80,NA,NA,NA,47.86,76.1999969482422,TL,40,TL,2710,commercial,Monacanthidae,Tetraodontiformes,Teleostei,Osteichthyes,NA,NA,NA,NA,NA,NA,NA,NA,NA,NA,NA,NA,NA,NA,NA,NA
Aluterus schoepfii,1081,Aluterus,reef-associated,NA,3,900,NA,50,NA,44.4,61,TL,40,TL,NA,subsistence fisheries,Monacanthidae,Tetraodontiformes,Teleostei,Osteichthyes,NA,NA,NA,NA,NA,NA,NA,NA,NA,NA,NA,NA,NA,NA,NA,NA
Aluterus scriptus,4275,Aluterus,reef-associated,NA,3,120,3,20,NA,66,110,TL,55,TL,2500,NA,Monacanthidae,Tetraodontiformes,Teleostei,Osteichthyes,NA,NA,NA,NA,NA,NA,NA,NA,NA,NA,NA,NA,NA,NA,NA,NA
Acipenser oxyrinchus,2593,Acipenser,demersal,anadromous,1,46,NA,NA,60,85.21,403,TL,NA,NA,NA,commercial,Acipenseridae,Acipenseriformes,Chondrostei,Osteichthyes,2789,18.2222222222222,180.1875,2392872.5,mainly animals (troph. 2.8 and up),hunting macrofauna (predator),0,3.38,153595,384.5,42.6666666666667,NA,NA,NA,NA,2.45000004768372
Aetobatus narinari,1250,Aetobatus,benthopelagic,amphidromous,1,80,NA,NA,NA,74.63,230,WD,140,WD,230000,minor commercial,Aetobatidae,Myliobatiformes,Elasmobranchii,Chondrichthyes,1266,5,107.400001525879,1.5,mainly animals (troph. 2.8 and up),hunting macrofauna (predator),0,4.17,NA,402.5,NA,NA,NA,NA,NA,NA
Alectis ciliaris,988,Alectis,reef-associated,NA,60,100,NA,NA,NA,90,150,TL,100,FL,22900,minor commercial,Carangidae,Carangiformes,Teleostei,Osteichthyes,NA,NA,NA,NA,NA,NA,NA,NA,NA,NA,NA,NA,NA,NA,NA,NA
Alepisaurus ferox,99,Alepisaurus,bathypelagic,oceanodromous,0,1830,NA,NA,NA,90,215,TL,150,TL,9000,NA,Alepisauridae,Aulopiformes,Teleostei,Osteichthyes,NA,NA,NA,NA,NA,NA,NA,NA,NA,NA,NA,NA,NA,NA,NA,NA
Alopias superciliosus,2534,Alopias,pelagic-oceanic,oceanodromous,0,730,0,100,20,84.92,487.984985351562,TL,350,TL,363800,commercial,Alopiidae,Lamniformes,Elasmobranchii,Chondrichthyes,2730,11.6666666666667,234.75,3,mainly animals (troph. 2.8 and up),hunting macrofauna (predator),0,4.51,NA,402,22.3333333333333,NA,NA,NA,NA,NA
Alosa aestivalis,1574,Alosa,pelagic-neritic,anadromous,5,55,NA,NA,8,50.78,40,SL,27.5,SL,200,commercial,Alosidae,Clupeiformes,Teleostei,Osteichthyes,1767,3.75,NA,230391.666666667,mainly animals (troph. 2.8 and up),hunting macrofauna (predator),0,3.81,NA,38,NA,NA,NA,NA,NA,0.990000009536743
Alosa mediocris,1582,Alosa,pelagic-neritic,anadromous,NA,NA,NA,NA,NA,41.1,60,SL,34,SL,NA,minor commercial,Alosidae,Clupeiformes,Teleostei,Osteichthyes,1775,NA,30.3500003814697,NA,mainly animals (troph. 2.8 and up),hunting macrofauna (predator),0,4.12,NA,NA,NA,61,0.3,2087.12964,NA,1.30499997735023
Alosa pseudoharengus,1583,Alosa,pelagic-neritic,anadromous,5,145,56,110,9,29.18,40,SL,30,SL,200,commercial,Alosidae,Clupeiformes,Teleostei,Osteichthyes,1776,3.16666666666667,14.4500002861023,171975.708333333,mainly animals (troph. 2.8 and up),hunting macrofauna (predator),0,3.39,NA,40,NA,19.2,0.534666666666667,54.9339533333333,NA,1.03499999642372
Alosa sapidissima,1584,Alosa,pelagic-neritic,anadromous,0,250,NA,NA,13,50.28,76,TL,50,SL,5500,commercial,Alosidae,Clupeiformes,Teleostei,Osteichthyes,1777,4.45000004768372,40.5,248300.175,mainly animals (troph. 2.8 and up),hunting macrofauna (predator),0,3.48,5658,68.8500003814697,NA,56.0666666666667,0.383333333333333,1875.39669,NA,3.14999997615814
Amblyraja radiata,2565,Amblyraja,demersal,oceanodromous,5,1540,25,440,28,50.85,105,TL,NA,NA,11400,minor commercial,Rajidae,Rajiformes,Elasmobranchii,Chondrichthyes,2761,10.483333269755,63.4166666666667,24.3333333333333,mainly animals (troph. 2.8 and up),hunting macrofauna (predator),0,4.2,NA,90.5,21,NA,NA,NA,NA,NA
Ammodytes americanus,3820,Ammodytes,demersal,NA,0,73,NA,NA,NA,36.71,23.5,TL,NA,NA,NA,of potential interest,Ammodytidae,Perciformes/Uranoscopoidei,Teleostei,Osteichthyes,4016,NA,8.75,NA,mainly animals (troph. 2.8 and up),selective plankton feeding,0,3.2,NA,22.75,12,18.8,0.24,21.28698,NA,NA
Ammodytes dubius,3821,Ammodytes,demersal,NA,0,108,NA,NA,NA,32.54,25,TL,NA,NA,NA,of potential interest,Ammodytidae,Perciformes/Uranoscopoidei,Teleostei,Osteichthyes,NA,NA,NA,NA,NA,NA,NA,NA,NA,NA,NA,NA,NA,NA,NA,NA
Anarhichas lupus,2501,Anarhichas,demersal,oceanodromous,1,600,18,110,NA,69.18,150,TL,NA,NA,23580,highly commercial,Anarhichadidae,Perciformes/Zoarcoidei,Teleostei,Osteichthyes,2695,6.5,55,18870,mainly animals (troph. 2.8 and up),hunting macrofauna (predator),-1,3.55,18000,151,22,135.416666666667,0.0956966666666667,28156.6,NA,6
Anchoa hepsetus,1133,Anchoa,pelagic-neritic,NA,1,70,NA,NA,NA,10,15.3000001907349,TL,11,TL,NA,minor commercial,Engraulidae,Clupeiformes,Teleostei,Osteichthyes,NA,NA,NA,NA,NA,NA,NA,NA,NA,NA,NA,NA,NA,NA,NA,NA
Anchoa lyolepis,1132,Anchoa,reef-associated,NA,1,54,NA,NA,NA,10,12,TL,9,TL,NA,subsistence fisheries,Engraulidae,Clupeiformes,Teleostei,Osteichthyes,NA,NA,NA,NA,NA,NA,NA,NA,NA,NA,NA,NA,NA,NA,NA,NA
Anchoa mitchilli,545,Anchoa,pelagic-neritic,amphidromous,1,70,1,36,NA,23.1,10,SL,5.94999980926514,TL,NA,minor commercial,Engraulidae,Clupeiformes,Teleostei,Osteichthyes,561,0.230000004172325,4.50599994659424,45110,mainly animals (troph. 2.8 and up),variable,0,3.46,NA,10.5,3,NA,NA,NA,NA,NA
Ancylopsetta quadrocellata,4206,Ancylopsetta,demersal,NA,4,110,NA,NA,NA,15,25,TL,NA,NA,NA,NA,Paralichthyidae,Pleuronectiformes,Teleostei,Osteichthyes,NA,NA,NA,NA,NA,NA,NA,NA,NA,NA,NA,NA,NA,NA,NA,NA
Anguilla rostrata,296,Anguilla,demersal,catadromous,0,464,NA,NA,43,72.05,152,TL,50,TL,7330,commercial,Anguillidae,Anguilliformes,Teleostei,Osteichthyes,310,9.9,44.375,11680000,mainly animals (troph. 2.8 and up),hunting macrofauna (predator),0,3.83,6483.33333333333,111,27.6666666666667,NA,NA,NA,NA,NA
Anthias nicholsi,3313,Anthias,benthopelagic,NA,0,430,NA,NA,NA,15,25,TL,NA,NA,NA,NA,Anthiadidae,Perciformes/Serranoidei,Teleostei,Osteichthyes,NA,NA,NA,NA,NA,NA,NA,NA,NA,NA,NA,NA,NA,NA,NA,NA
Antigonia capros,3258,Antigonia,demersal,NA,50,900,100,300,NA,20.5,30.5,TL,15,TL,170,minor commercial,Antigoniidae,Acanthuriformes,Teleostei,Osteichthyes,NA,NA,NA,NA,NA,NA,NA,NA,NA,NA,NA,NA,NA,NA,NA,NA
Antigonia combatia,3259,Antigonia,bathydemersal,NA,115,585,NA,NA,NA,10,15,TL,10,TL,NA,minor commercial,Antigoniidae,Acanthuriformes,Teleostei,Osteichthyes,NA,NA,NA,NA,NA,NA,NA,NA,NA,NA,NA,NA,NA,NA,NA,NA
Antimora rostrata,2005,Antimora,bathypelagic,NA,350,3000,1200,2700,43,70.93,75,SL,NA,NA,2830,NA,Moridae,Gadiformes,Teleostei,Osteichthyes,2201,NA,44.0666669209798,NA,mainly animals (troph. 2.8 and up),hunting macrofauna (predator),0,3.58,2160,69.75,33,NA,NA,NA,NA,NA
Apeltes quadracus,3269,Apeltes,benthopelagic,NA,0,3,NA,NA,3,16.15,6.40000009536743,TL,4.09999990463257,TL,NA,NA,Gasterosteidae,Perciformes/Gasterosteoidei,Teleostei,Osteichthyes,NA,NA,NA,NA,NA,NA,NA,NA,NA,NA,NA,NA,NA,NA,NA,NA
Apogon pseudomaculatus,3530,Apogon,reef-associated,NA,1,100,NA,NA,NA,10,11,TL,NA,NA,NA,NA,Apogonidae,Kurtiformes,Teleostei,Osteichthyes,NA,NA,NA,NA,NA,NA,NA,NA,NA,NA,NA,NA,NA,NA,NA,NA
Argyropelecus aculeatus,130,Argyropelecus,bathypelagic,NA,100,2056,NA,NA,NA,10,8.30000019073486,SL,NA,NA,20.8999996185303,of no interest,Sternoptychidae,Stomiiformes,Teleostei,Osteichthyes,NA,NA,NA,NA,NA,NA,NA,NA,NA,NA,NA,NA,NA,NA,NA,NA
Archosargus probatocephalus,441,Archosargus,reef-associated,NA,15,NA,NA,NA,NA,36.43,91,TL,35,TL,9630,commercial,Sparidae,Eupercaria/misc,Teleostei,Osteichthyes,NA,NA,NA,NA,NA,NA,NA,NA,NA,NA,NA,NA,NA,NA,NA,NA
Arctozenus risso,6977,Arctozenus,bathypelagic,NA,0,2200,NA,NA,NA,26.6,30,SL,25,SL,NA,of no interest,Paralepididae,Aulopiformes,Teleostei,Osteichthyes,NA,NA,NA,NA,NA,NA,NA,NA,NA,NA,NA,NA,NA,NA,NA,NA
Argentina silus,2700,Argentina,bathypelagic,oceanodromous,140,1440,55,550,35,66.29,70,SL,NA,NA,NA,commercial,Argentinidae,Argentiniformes,Teleostei,Osteichthyes,2896,6.89999997615814,33.6666666666667,12815.5,mainly animals (troph. 2.8 and up),selective plankton feeding,0,3.32,NA,NA,NA,NA,NA,NA,NA,3.25
Argentina striata,2701,Argentina,bathypelagic,NA,100,600,100,200,NA,14,24,TL,15,TL,NA,of potential interest,Argentinidae,Argentiniformes,Teleostei,Osteichthyes,NA,NA,NA,NA,NA,NA,NA,NA,NA,NA,NA,NA,NA,NA,NA,NA
Ariomma bondi,961,Ariomma,demersal,NA,50,500,100,200,NA,20,30,TL,23,FL,NA,minor commercial,Ariommatidae,Scombriformes,Teleostei,Osteichthyes,977,NA,10.0233335494995,NA,mainly animals (troph. 2.8 and up),hunting macrofauna (predator),-1,3.5,NA,NA,NA,NA,NA,NA,NA,NA
Ariomma melana,3916,Ariomma,bathydemersal,NA,180,600,180,550,NA,20,30,TL,25,SL,NA,minor commercial,Ariommatidae,Scombriformes,Teleostei,Osteichthyes,NA,NA,NA,NA,NA,NA,NA,NA,NA,NA,NA,NA,NA,NA,NA,NA
Ariomma regulus,962,Ariomma,demersal,NA,0,500,NA,NA,NA,15,25,TL,18,TL,NA,minor commercial,Ariommatidae,Scombriformes,Teleostei,Osteichthyes,NA,NA,NA,NA,NA,NA,NA,NA,NA,NA,NA,NA,NA,NA,NA,NA
Aspidophoroides monopterygius,4157,Aspidophoroides,demersal,NA,0,695,60,150,NA,38.45,22,TL,14.1999998092651,TL,NA,NA,Agonidae,Perciformes/Cottoidei,Teleostei,Osteichthyes,4353,4.69999980926514,10.3999996185303,NA,mainly animals (troph. 2.8 and up),NA,0,3,4.84999990463257,17.8499999046326,7,15.8583333333333,0.298333333333333,15.4367,NA,NA
Baldwinella aureorubens,3324,Baldwinella,demersal,NA,120,610,NA,NA,NA,20,30,TL,25,TL,NA,minor commercial,Anthiadidae,Perciformes/Serranoidei,Teleostei,Osteichthyes,NA,NA,NA,NA,NA,NA,NA,NA,NA,NA,NA,NA,NA,NA,NA,NA
Baldwinella vivanus,3327,Baldwinella,benthopelagic,NA,45,610,NA,NA,NA,15,25,TL,NA,NA,NA,NA,Anthiadidae,Perciformes/Serranoidei,Teleostei,Osteichthyes,NA,NA,NA,NA,NA,NA,NA,NA,NA,NA,NA,NA,NA,NA,NA,NA
Balistes capriscus,7327,Balistes,reef-associated,NA,0,100,0,55,15,46.03,66,TL,44,TL,6150,commercial,Balistidae,Tetraodontiformes,Teleostei,Osteichthyes,7628,1,17.98181811246,1165000,mainly animals (troph. 2.8 and up),hunting macrofauna (predator),0,4.06,1268,56.0625,12.8,NA,NA,NA,NA,0.449999988079071
Astroscopus guttatus,3703,Astroscopus,demersal,NA,NA,36,NA,NA,NA,43.6,59,TL,NA,NA,9100,NA,Uranoscopidae,Perciformes/Uranoscopoidei,Teleostei,Osteichthyes,NA,NA,NA,NA,NA,NA,NA,NA,NA,NA,NA,NA,NA,NA,NA,NA
Astroscopus ygraecum,3704,Astroscopus,reef-associated,NA,2,100,NA,70,NA,34,44,TL,35,TL,NA,NA,Uranoscopidae,Perciformes/Uranoscopoidei,Teleostei,Osteichthyes,NA,NA,NA,NA,NA,NA,NA,NA,NA,NA,NA,NA,NA,NA,NA,NA
Auxis thazard,94,Auxis,pelagic-neritic,oceanodromous,50,NA,NA,NA,5,26.11,65,FL,60,TL,1720,highly commercial,Scombridae,Scombriformes,Teleostei,Osteichthyes,108,2.5,29.4800003051758,702833.333333333,mainly animals (troph. 2.8 and up),hunting macrofauna (predator),0,4.37,432.399993896484,49.2249999046326,NA,NA,NA,NA,NA,NA
Bairdiella chrysoura,1165,Bairdiella,demersal, ,NA,NA,NA,NA,NA,20.52,30,TL,20,TL,NA,minor commercial,Sciaenidae,Eupercaria/misc,Teleostei,Osteichthyes,1181,0.600000023841858,9.60000006357829,NA,mainly animals (troph. 2.8 and up),variable,0,3.2,NA,30,2.55000001192093,NA,NA,NA,NA,0.75
Bellator brachychir,4012,Bellator,demersal,NA,35,200,NA,NA,NA,10,10,TL,NA,NA,NA,NA,Triglidae,Perciformes/Scorpaenoidei,Teleostei,Osteichthyes,NA,NA,NA,NA,NA,NA,NA,NA,NA,NA,NA,NA,NA,NA,NA,NA
Bellator militaris,4014,Bellator,demersal,NA,40,110,NA,NA,NA,10,12.5,TL,NA,NA,NA,NA,Triglidae,Perciformes/Scorpaenoidei,Teleostei,Osteichthyes,NA,NA,NA,NA,NA,NA,NA,NA,NA,NA,NA,NA,NA,NA,NA,NA
Bathytoshia centroura,2572,Bathytoshia,demersal, ,3,270,15,50,NA,90,300,TL,125,WD,3e+05,minor commercial,Dasyatidae,Myliobatiformes,Elasmobranchii,Chondrichthyes,2768,NA,124.333333333333,3.5,mainly animals (troph. 2.8 and up),hunting macrofauna (predator),0,3.81,148.899993896484,135.466667175293,NA,NA,NA,NA,NA,NA
Bembrops gobioides,3697,Bembrops,demersal,NA,100,724,315,724,NA,20,30,TL,NA,NA,NA,NA,Bembropidae,Perciformes/Bembropoidei,Teleostei,Osteichthyes,NA,NA,NA,NA,NA,NA,NA,NA,NA,NA,NA,NA,NA,NA,NA,NA
Benthodesmus simonyi,8553,Benthodesmus,benthopelagic,NA,200,900,NA,NA,NA,90,130,SL,NA,NA,NA,NA,Trichiuridae,Scombriformes,Teleostei,Osteichthyes,NA,NA,NA,NA,NA,NA,NA,NA,NA,NA,NA,NA,NA,NA,NA,NA
Brevoortia tyrannus,1592,Brevoortia,pelagic-neritic,oceanodromous,0,50,NA,NA,NA,30.33,50,TL,NA,NA,NA,highly commercial,Alosidae,Clupeiformes,Teleostei,Osteichthyes,1785,2,25,334500,plants/detritus+animals (troph. 2.2-2.79),filtering plankton,0,3.23,1674,47,NA,35.5744186046512,0.424790697674419,1674.96558186046,NA,1.625
Brosme brosme,51,Brosme,demersal,oceanodromous,18,1000,18,549,20,57.54,120,TL,50,TL,30000,highly commercial,Lotidae,Gadiformes,Teleostei,Osteichthyes,61,8.04999995231628,53.3333333333333,2500000,mainly animals (troph. 2.8 and up),hunting macrofauna (predator),0,3.9,NA,110,20,NA,NA,NA,NA,1.39999997615814
Calamus leucosteus,1225,Calamus,demersal,NA,10,100,NA,NA,NA,37.52,46,TL,30,TL,NA,commercial,Sparidae,Eupercaria/misc,Teleostei,Osteichthyes,1241,1,NA,808900,mainly animals (troph. 2.8 and up),hunting macrofauna (predator),0,4.2,600,41,11.6666666666667,NA,NA,NA,NA,NA
Caranx bartholomaei,1913,Caranx,reef-associated,NA,0,50,NA,NA,NA,60,100,TL,50,TL,14000,commercial,Carangidae,Carangiformes,Teleostei,Osteichthyes,2109,NA,45,7425000,mainly animals (troph. 2.8 and up),hunting macrofauna (predator),0,4.48,NA,NA,NA,NA,NA,NA,NA,NA
Caranx crysos,1933,Caranx,reef-associated, ,0,100,NA,NA,11,34.26,70,TL,40,TL,5050,minor commercial,Carangidae,Carangiformes,Teleostei,Osteichthyes,2129,NA,25.2750000953674,793500,mainly animals (troph. 2.8 and up),hunting macrofauna (predator),-1,4.13,943.833333333333,41.4333330790202,11,NA,NA,NA,NA,NA
Caranx latus,1935,Caranx,reef-associated,oceano-estuarine,0,140,0,20,NA,67.27,101,FL,60,TL,13380,minor commercial,Carangidae,Carangiformes,Teleostei,Osteichthyes,2131,NA,39.5,NA,mainly animals (troph. 2.8 and up),hunting macrofauna (predator),0,4.16,NA,NA,NA,NA,NA,NA,NA,NA
Carapus bermudensis,3128,Carapus,reef-associated,non-migratory,1,235,NA,NA,NA,10,20,TL,NA,NA,NA,of no interest,Carapidae,Ophidiiformes,Teleostei,Osteichthyes,NA,NA,NA,NA,NA,NA,NA,NA,NA,NA,NA,NA,NA,NA,NA,NA
Carcharhinus brevipinna,865,Carcharhinus,reef-associated,oceanodromous,0,100,0,NA,16,62.23,300,TL,250,TL,89700,commercial,Carcharhinidae,Carcharhiniformes,Elasmobranchii,Chondrichthyes,881,NA,195.8,10,mainly animals (troph. 2.8 and up),hunting macrofauna (predator),0,4.2,NA,260.857142857143,13.6500000953674,NA,NA,NA,NA,NA
Carcharhinus falciformis,868,Carcharhinus,reef-associated,oceanodromous,0,4000,0,500,25,82.14,350,TL,250,TL,346000,highly commercial,Carcharhinidae,Carcharhiniformes,Elasmobranchii,Chondrichthyes,884,8.95000004768372,214.4375,8.79166666666667,mainly animals (troph. 2.8 and up),hunting macrofauna (predator),0,4.51,NA,290.545454545455,18,NA,NA,NA,NA,NA
Carcharhinus obscurus,878,Carcharhinus,reef-associated,oceanodromous,0,400,200,400,40,87.65,420,TL,250,TL,346540,commercial,Carcharhinidae,Carcharhiniformes,Elasmobranchii,Chondrichthyes,894,19.2222222222222,251,8.5,mainly animals (troph. 2.8 and up),hunting macrofauna (predator),0,4.28,323500,339.142857142857,38.5714285714286,NA,NA,NA,NA,NA
Carcharhinus plumbeus,880,Carcharhinus,benthopelagic,oceanodromous,0,500,20,65,34,86.8,300,TL,200,TL,117930,commercial,Carcharhinidae,Carcharhiniformes,Elasmobranchii,Chondrichthyes,896,14.1666666666667,246.15625,8,mainly animals (troph. 2.8 and up),hunting macrofauna (predator),0,4.49,NA,196.944444444444,28.5714285714286,NA,NA,NA,NA,NA
Carcharhinus signatus,883,Carcharhinus,benthopelagic,NA,0,600,50,100,NA,73.31,280,TL,200,TL,76650,commercial,Carcharhinidae,Carcharhiniformes,Elasmobranchii,Chondrichthyes,899,NA,195,8,mainly animals (troph. 2.8 and up),hunting macrofauna (predator),0,4.63,NA,243.5,17,263.9000025,0.13146,131074.794273333,NA,NA
Carcharias taurus,747,Carcharias,reef-associated,oceanodromous,1,191,15,25,NA,58.1,330,TL,250,TL,158810,commercial,Carchariidae,Lamniformes,Elasmobranchii,Chondrichthyes,763,4.5,208.75,2,mainly animals (troph. 2.8 and up),hunting macrofauna (predator),0,4.5,NA,282.833333333333,11.6666666666667,NA,NA,NA,NA,NA
Careproctus ranula,54217,Careproctus,demersal,NA,20,668,NA,NA,NA,10,8.10000038146973,SL,NA,NA,NA,NA,Liparidae,Perciformes/Cottoidei,Teleostei,Osteichthyes,NA,NA,NA,NA,NA,NA,NA,NA,NA,NA,NA,NA,NA,NA,NA,NA
Cetorhinus maximus,90,Cetorhinus,pelagic-oceanic,oceanodromous,0,2000,0,NA,NA,86.06,1520,TL,700,TL,4e+06,commercial,Cetorhinidae,Lamniformes,Elasmobranchii,Chondrichthyes,2286,13.7,688.571428571429,1.5,mainly animals (troph. 2.8 and up),filtering plankton,0,3.2,3197900,1003.375,47,NA,NA,NA,NA,NA
Caulolatilus chrysops,983,Caulolatilus,demersal,NA,76,244,NA,NA,NA,44,60,TL,44,TL,NA,commercial,Latilidae,Eupercaria/misc,Teleostei,Osteichthyes,NA,NA,NA,NA,NA,NA,NA,NA,NA,NA,NA,NA,NA,NA,NA,NA
Caulolatilus cyanops,984,Caulolatilus,demersal,NA,45,495,150,250,NA,44,60,TL,30,TL,11000,commercial,Latilidae,Eupercaria/misc,Teleostei,Osteichthyes,NA,NA,NA,NA,NA,NA,NA,NA,NA,NA,NA,NA,NA,NA,NA,NA
Caulolatilus microps,987,Caulolatilus,demersal,NA,30,162,NA,NA,15,58.02,90,TL,55,TL,7000,minor commercial,Latilidae,Eupercaria/misc,Teleostei,Osteichthyes,NA,NA,NA,NA,NA,NA,NA,NA,NA,NA,NA,NA,NA,NA,NA,NA
Centropristis ocyurus,3316,Centropristis,demersal,NA,11,101,NA,NA,NA,20,30,TL,NA,NA,NA,NA,Serranidae,Perciformes/Serranoidei,Teleostei,Osteichthyes,NA,NA,NA,NA,NA,NA,NA,NA,NA,NA,NA,NA,NA,NA,NA,NA
Centropristis philadelphica,3317,Centropristis,reef-associated,NA,9,171,NA,NA,NA,20,30,TL,NA,NA,NA,NA,Serranidae,Perciformes/Serranoidei,Teleostei,Osteichthyes,NA,NA,NA,NA,NA,NA,NA,NA,NA,NA,NA,NA,NA,NA,NA,NA
Centropristis striata,361,Centropristis,reef-associated,oceanodromous,1,NA,NA,NA,20,39.62,66,TL,30,TL,4300,commercial,Serranidae,Perciformes/Serranoidei,Teleostei,Osteichthyes,375,NA,19.0500001907349,533500,mainly animals (troph. 2.8 and up),hunting macrofauna (predator),0,3.89,400,33,11,NA,NA,NA,NA,NA
Centroscyllium fabricii,656,Centroscyllium,bathydemersal,NA,NA,NA,180,2250,NA,64.2,107,TL,84,TL,NA,subsistence fisheries,Etmopteridae,Squaliformes,Elasmobranchii,Chondrichthyes,672,NA,64,14,mainly animals (troph. 2.8 and up),hunting macrofauna (predator),-1,3.84,NA,84,NA,NA,NA,NA,NA,NA
Ceratoscopelus maderensis,621,Ceratoscopelus,bathypelagic,oceanodromous,51,1480,NA,NA,NA,10,8.10000038146973,SL,NA,NA,NA,NA,Myctophidae,Myctophiformes,Teleostei,Osteichthyes,NA,NA,NA,NA,NA,NA,NA,NA,NA,NA,NA,NA,NA,NA,NA,NA
Chaetodipterus faber,1024,Chaetodipterus,reef-associated,oceanodromous,3,35,NA,NA,NA,49.1,91,TL,50.4000015258789,TL,9000,minor commercial,Ephippidae,Acanthuriformes,Teleostei,Osteichthyes,NA,NA,NA,NA,NA,NA,NA,NA,NA,NA,NA,NA,NA,NA,NA,NA
Chaetodon ocellatus,3604,Chaetodon,reef-associated,NA,0,30,NA,NA,NA,10,20,TL,NA,NA,NA,NA,Chaetodontidae,Acanthuriformes,Teleostei,Osteichthyes,3800,NA,13.6499996185303,NA,mainly animals (troph. 2.8 and up),hunting macrofauna (predator),0,3.7,NA,NA,NA,NA,NA,NA,NA,NA
Chauliodus danae,11712,Chauliodus,bathypelagic,oceanodromous,0,500,NA,NA,NA,10,15,SL,NA,NA,NA,NA,Stomiidae,Stomiiformes,Teleostei,Osteichthyes,NA,NA,NA,NA,NA,NA,NA,NA,NA,NA,NA,NA,NA,NA,NA,NA
Chauliodus sloani,1786,Chauliodus,bathypelagic,NA,200,4700,494,1000,NA,32.7,35,SL,NA,NA,NA,NA,Stomiidae,Stomiiformes,Teleostei,Osteichthyes,NA,NA,NA,NA,NA,NA,NA,NA,NA,NA,NA,NA,NA,NA,NA,NA
Chaunax stigmaeus,3090,Chaunax,bathydemersal,NA,90,730,NA,NA,NA,20.5,30.5,TL,20,TL,NA,NA,Chaunacidae,Lophiiformes,Teleostei,Osteichthyes,NA,NA,NA,NA,NA,NA,NA,NA,NA,NA,NA,NA,NA,NA,NA,NA
Cheilopogon cyanopterus,7695,Cheilopogon,pelagic-oceanic,oceanodromous,0,20,NA,NA,NA,20.79,40,TL,25,TL,NA,minor commercial,Exocoetidae,Beloniformes,Teleostei,Osteichthyes,NA,NA,NA,NA,NA,NA,NA,NA,NA,NA,NA,NA,NA,NA,NA,NA
Chilomycterus schoepfii,6407,Chilomycterus,reef-associated,NA,1,11,NA,NA,NA,17.9,27.8999996185303,TL,NA,NA,630,of no interest,Diodontidae,Tetraodontiformes,Teleostei,Osteichthyes,NA,NA,NA,NA,NA,NA,NA,NA,NA,NA,NA,NA,NA,NA,NA,NA
Chlorophthalmus agassizi,1808,Chlorophthalmus,bathydemersal,NA,50,1000,NA,NA,NA,40.13,40,TL,20,SL,NA,minor commercial,Chlorophthalmidae,Aulopiformes,Teleostei,Osteichthyes,NA,NA,NA,NA,NA,NA,NA,NA,NA,NA,NA,NA,NA,NA,NA,NA
Chloroscombrus chrysurus,385,Chloroscombrus,pelagic-neritic, ,0,110,NA,NA,NA,27.78,65,TL,25,TL,32,commercial,Carangidae,Carangiformes,Teleostei,Osteichthyes,399,NA,12.2999998728434,NA,mainly animals (troph. 2.8 and up),hunting macrofauna (predator),-1,3.54,408.5,35.8666667938232,NA,34.3875,0.48,668.046265,NA,NA
Citharichthys arctifrons,4209,Citharichthys,demersal,NA,46,366,NA,NA,NA,10,18,TL,NA,NA,NA,NA,Cyclopsettidae,Pleuronectiformes,Teleostei,Osteichthyes,NA,NA,NA,NA,NA,NA,NA,NA,NA,NA,NA,NA,NA,NA,NA,NA
Citharichthys cornutus,4211,Citharichthys,bathydemersal,NA,30,400,140,400,NA,10,10,TL,NA,NA,NA,NA,Cyclopsettidae,Pleuronectiformes,Teleostei,Osteichthyes,NA,NA,NA,NA,NA,NA,NA,NA,NA,NA,NA,NA,NA,NA,NA,NA
Citharichthys macrops,4214,Citharichthys,reef-associated,NA,0,100,0,18,NA,10,20,TL,NA,NA,NA,NA,Cyclopsettidae,Pleuronectiformes,Teleostei,Osteichthyes,NA,NA,NA,NA,NA,NA,NA,NA,NA,NA,NA,NA,NA,NA,NA,NA
Clupea harengus,24,Clupea,benthopelagic,oceanodromous,0,364,0,200,25,40.97,45,SL,30,SL,1050,highly commercial,Clupeidae,Clupeiformes,Teleostei,Osteichthyes,32,3.34631579800656,26.0352939156925,56870.5277777778,mainly animals (troph. 2.8 and up),selective plankton feeding,-1,3.38,106,29.8000001907349,15.6923076923077,NA,NA,NA,NA,1.19999998807907
Coelorinchus caelorhincus,1726,Coelorinchus,benthopelagic,non-migratory,90,1485,200,500,10,59.63,48,TL,30,TL,NA,minor commercial,Macrouridae,Gadiformes,Teleostei,Osteichthyes,NA,NA,NA,NA,NA,NA,NA,NA,NA,NA,NA,NA,NA,NA,NA,NA
Conger oceanicus,300,Conger,demersal,oceanodromous,1,477,75,150,NA,90,230,TL,100,TL,40000,minor commercial,Congridae,Anguilliformes,Teleostei,Osteichthyes,NA,NA,NA,NA,NA,NA,NA,NA,NA,NA,NA,NA,NA,NA,NA,NA
Cookeolus japonicus,3517,Cookeolus,reef-associated,NA,40,400,165,200,9,27.21,69,NG,30,TL,4950,commercial,Priacanthidae,Eupercaria/misc,Teleostei,Osteichthyes,NA,NA,NA,NA,NA,NA,NA,NA,NA,NA,NA,NA,NA,NA,NA,NA
Coryphaena hippurus,6,Coryphaena,pelagic-neritic,oceanodromous,0,85,5,10,4,39.64,210,TL,100,TL,40000,highly commercial,Coryphaenidae,Carangiformes,Teleostei,Osteichthyes,1884,0.526666680971781,57.4399993896484,587390.875,mainly animals (troph. 2.8 and up),hunting macrofauna (predator),0,4.37,20450,162.5625,3.66666666666667,NA,NA,NA,NA,1.33500003814697
Cryptacanthodes maculatus,3815,Cryptacanthodes,demersal,NA,1,110,NA,NA,NA,58.8,97,TL,NA,NA,NA,NA,Cryptacanthodidae,Perciformes/Zoarcoidei,Teleostei,Osteichthyes,NA,NA,NA,NA,NA,NA,NA,NA,NA,NA,NA,NA,NA,NA,NA,NA
Cubiceps pauciradiatus,5049,Cubiceps,bathypelagic,NA,58,1000,NA,NA,4,10.98,20,TL,NA,NA,NA,of no interest,Nomeidae,Scombriformes,Teleostei,Osteichthyes,NA,NA,NA,NA,NA,NA,NA,NA,NA,NA,NA,NA,NA,NA,NA,NA
Cyclopsetta fimbriata,4219,Cyclopsetta,reef-associated,NA,20,230,NA,NA,NA,23,33,TL,25,TL,NA,minor commercial,Cyclopsettidae,Pleuronectiformes,Teleostei,Osteichthyes,NA,NA,NA,NA,NA,NA,NA,NA,NA,NA,NA,NA,NA,NA,NA,NA
Cyclopterus lumpus,62,Cyclopterus,benthopelagic,oceanodromous,0,868,50,150,13,46.79,61,TL,NA,NA,9500,highly commercial,Cyclopteridae,Perciformes/Cottoidei,Teleostei,Osteichthyes,72,4.375,NA,197133.083333333,mainly animals (troph. 2.8 and up),hunting macrofauna (predator),-1,3.89,NA,59.3333333333333,9.33333333333333,NA,NA,NA,NA,2.39999997615814
Cynoscion regalis,406,Cynoscion,demersal,oceanodromous,10,26,NA,NA,NA,45.29,98,TL,50,TL,8850,commercial,Sciaenidae,Eupercaria/misc,Teleostei,Osteichthyes,420,NA,15.8125,887180,mainly animals (troph. 2.8 and up),hunting macrofauna (predator),0,3.77,8600,70,18,NA,NA,NA,NA,0.929999977350235
Cyttopsis rosea,4953,Cyttopsis,bathypelagic,NA,150,730,330,690,NA,21,31,TL,25,TL,NA,commercial,Parazenidae,Zeiformes,Teleostei,Osteichthyes,NA,NA,NA,NA,NA,NA,NA,NA,NA,NA,NA,NA,NA,NA,NA,NA
Dactylopterus volitans,1021,Dactylopterus,reef-associated,NA,1,100,NA,NA,NA,36.51,50,SL,38,TL,1810,minor commercial,Dactylopteridae,Dactylopteriformes,Teleostei,Osteichthyes,1037,NA,19.5,NA,mainly animals (troph. 2.8 and up),hunting macrofauna (predator),0,3.65,186.099999904633,30.9666665395101,NA,33.58,0.3,NA,NA,NA
Decapterus macarellus,993,Decapterus,pelagic-oceanic,NA,0,400,40,200,NA,22.51,46,TL,30,TL,NA,commercial,Carangidae,Carangiformes,Teleostei,Osteichthyes,NA,NA,NA,NA,NA,NA,NA,NA,NA,NA,NA,NA,NA,NA,NA,NA
Decapterus punctatus,994,Decapterus,reef-associated,NA,0,100,NA,NA,NA,33.63,30,SL,18,TL,300,minor commercial,Carangidae,Carangiformes,Teleostei,Osteichthyes,1010,0.370000004768372,11,NA,mainly animals (troph. 2.8 and up),hunting macrofauna (predator),0,4.43,NA,21,NA,24.2,2.349,213.63576,NA,0.449999988079071
Diaphus dumerilii,6590,Diaphus,pelagic-oceanic,oceanodromous,0,805,450,500,1,10,9.5,TL,NA,NA,NA,NA,Myctophidae,Myctophiformes,Teleostei,Osteichthyes,6912,0.699999988079071,5.18549990653992,NA,NA,NA,0,3,3.59999990463257,7.33333333333333,1.20000004768372,NA,NA,NA,NA,NA
Dibranchus atlanticus,4956,Dibranchus,bathydemersal,NA,45,1300,300,823,NA,29.4,39.4000015258789,TL,14.5,SL,NA,commercial,Ogcocephalidae,Lophiiformes,Teleostei,Osteichthyes,NA,NA,NA,NA,NA,NA,NA,NA,NA,NA,NA,NA,NA,NA,NA,NA
Diplectrum bivittatum,3318,Diplectrum,reef-associated,NA,NA,100,NA,NA,NA,15,25,TL,12,TL,NA,NA,Serranidae,Perciformes/Serranoidei,Teleostei,Osteichthyes,NA,NA,NA,NA,NA,NA,NA,NA,NA,NA,NA,NA,NA,NA,NA,NA
Diplectrum formosum,1203,Diplectrum,reef-associated,NA,1,80,NA,NA,NA,14.62,30,TL,16,TL,NA,commercial,Serranidae,Perciformes/Serranoidei,Teleostei,Osteichthyes,1219,1.06999999284744,12.6050000190735,NA,mainly animals (troph. 2.8 and up),hunting macrofauna (predator),0,4.49,NA,NA,NA,29.35,0.8935,273.5,NA,NA
Dipturus laevis,2561,Dipturus,demersal,oceanodromous,0,750,0,150,NA,69.28,163,TL,NA,NA,18000,of no interest,Rajidae,Rajiformes,Elasmobranchii,Chondrichthyes,NA,NA,NA,NA,NA,NA,NA,NA,NA,NA,NA,NA,NA,NA,NA,NA
Echeneis naucrates,2467,Echeneis,reef-associated,NA,1,85,NA,NA,NA,66,110,TL,66,SL,2300,minor commercial,Echeneidae,Carangiformes,Teleostei,Osteichthyes,NA,NA,NA,NA,NA,NA,NA,NA,NA,NA,NA,NA,NA,NA,NA,NA
Enchelyopus cimbrius,1874,Enchelyopus,demersal,oceanodromous,20,650,20,50,9,46.04,41,TL,30,TL,NA,minor commercial,Gaidropsaridae,Gadiformes,Teleostei,Osteichthyes,2070,3,25,25000,mainly animals (troph. 2.8 and up),hunting macrofauna (predator),-1,3.53,NA,36.8999996185303,9,36.11,0.2569725,280.798886666667,NA,0.820000022649765
Engraulis eurystole,1662,Engraulis,pelagic-neritic,NA,124,282,NA,NA,NA,10,15.5,TL,8,TL,NA,minor commercial,Engraulidae,Clupeiformes,Teleostei,Osteichthyes,NA,NA,NA,NA,NA,NA,NA,NA,NA,NA,NA,NA,NA,NA,NA,NA
Epigonus pandionis,10770,Epigonus,bathydemersal,NA,200,600,300,500,NA,13.5,23.5,TL,NA,NA,172.300003051758,of potential interest,Epigonidae,Acropomatiformes,Teleostei,Osteichthyes,NA,NA,NA,NA,NA,NA,NA,NA,NA,NA,NA,NA,NA,NA,NA,NA
Etmopterus gracilispinis,678,Etmopterus,pelagic-oceanic,NA,25,1200,NA,NA,NA,25,35,TL,NA,NA,NA,of no interest,Etmopteridae,Squaliformes,Elasmobranchii,Chondrichthyes,NA,NA,NA,NA,NA,NA,NA,NA,NA,NA,NA,NA,NA,NA,NA,NA
Etmopterus princeps,683,Etmopterus,bathydemersal,NA,300,2213,300,2000,NA,57.6,94,TL,NA,NA,NA,of no interest,Etmopteridae,Squaliformes,Elasmobranchii,Chondrichthyes,NA,NA,NA,NA,NA,NA,NA,NA,NA,NA,NA,NA,NA,NA,NA,NA
Etropus crossotus,4221,Etropus,demersal,oceanodromous,0,100,0,30,1.21000003814697,10.68,21.2999992370605,TL,15,TL,64.4000015258789,minor commercial,Cyclopsettidae,Pleuronectiformes,Teleostei,Osteichthyes,4417,NA,8.5,NA,mainly animals (troph. 2.8 and up),hunting macrofauna (predator),0,3.49,52.5050010681152,18.4999995231628,1.21000003814697,NA,NA,NA,NA,NA
Etropus microstomus,4222,Etropus,demersal,oceanodromous,NA,91,NA,NA,NA,10,13,TL,NA,NA,NA,NA,Cyclopsettidae,Pleuronectiformes,Teleostei,Osteichthyes,NA,NA,NA,NA,NA,NA,NA,NA,NA,NA,NA,NA,NA,NA,NA,NA
Etropus rimosus,4223,Etropus,demersal,NA,7,180,NA,NA,NA,10,13,TL,NA,NA,NA,NA,Cyclopsettidae,Pleuronectiformes,Teleostei,Osteichthyes,NA,NA,NA,NA,NA,NA,NA,NA,NA,NA,NA,NA,NA,NA,NA,NA
Etrumeus sadina,1455,Etrumeus,pelagic-neritic,oceanodromous,0,125,NA,NA,NA,15.77,33,TL,25,TL,NA,highly commercial,Dussumieriidae,Clupeiformes,Teleostei,Osteichthyes,1648,2.14333335558573,16.8000001907349,11216,mainly animals (troph. 2.8 and up),selective plankton feeding,0,3.56,108.5,24,3,NA,NA,NA,NA,1.39999997615814
Eucinostomus gula,1050,Eucinostomus,reef-associated,NA,0,55,NA,NA,NA,31.78,25.5,TL,15,TL,NA,minor commercial,Gerreidae,Eupercaria/misc,Teleostei,Osteichthyes,1066,NA,11.0666666030884,NA,mainly animals (troph. 2.8 and up),hunting macrofauna (predator),0,2.68,NA,23,NA,21.2666666666667,0.381333333333333,115.03017,NA,NA
Eumicrotremus spinosus,4185,Eumicrotremus,demersal,NA,30,400,60,200,NA,10,13.1999998092651,NG,NA,NA,NA,NA,Cyclopteridae,Perciformes/Cottoidei,Teleostei,Osteichthyes,NA,NA,NA,NA,NA,NA,NA,NA,NA,NA,NA,NA,NA,NA,NA,NA
Fowlerichthys radiosus,3087,Fowlerichthys,demersal,NA,20,275,NA,NA,NA,10,7.59999990463257,TL,NA,NA,NA,subsistence fisheries,Antennariidae,Lophiiformes,Teleostei,Osteichthyes,NA,NA,NA,NA,NA,NA,NA,NA,NA,NA,NA,NA,NA,NA,NA,NA
Fistularia petimba,3276,Fistularia,reef-associated,NA,10,200,18,57,NA,90,200,TL,180,TL,4650,subsistence fisheries,Fistulariidae,Syngnathiformes,Teleostei,Osteichthyes,NA,NA,NA,NA,NA,NA,NA,NA,NA,NA,NA,NA,NA,NA,NA,NA
Fistularia tabacaria,3275,Fistularia,reef-associated,NA,NA,200,NA,NA,NA,90,200,TL,120,TL,279.010009765625,minor commercial,Fistulariidae,Syngnathiformes,Teleostei,Osteichthyes,NA,NA,NA,NA,NA,NA,NA,NA,NA,NA,NA,NA,NA,NA,NA,NA
Foetorepus agassizii,10187,Foetorepus,bathydemersal,NA,48,700,250,NA,NA,14.3,24.2999992370605,TL,NA,NA,NA,NA,Callionymidae,Callionymiformes,Teleostei,Osteichthyes,NA,NA,NA,NA,NA,NA,NA,NA,NA,NA,NA,NA,NA,NA,NA,NA
Gadella imberbis,2010,Gadella,benthopelagic,NA,200,800,NA,NA,NA,13,23,TL,18,TL,NA,of no interest,Moridae,Gadiformes,Teleostei,Osteichthyes,NA,NA,NA,NA,NA,NA,NA,NA,NA,NA,NA,NA,NA,NA,NA,NA
Gadus morhua,69,Gadus,benthopelagic,oceanodromous,0,600,150,200,25,65.4,200,TL,100,TL,96000,highly commercial,Gadidae,Gadiformes,Teleostei,Osteichthyes,79,5.57540542048377,57.2567997741699,4122587.68676471,mainly animals (troph. 2.8 and up),hunting macrofauna (predator),-1,4.09,NA,132.5,16.75,NA,NA,NA,NA,1.5799999833107
Gaidropsarus ensis,8425,Gaidropsarus,benthopelagic,NA,0,2000,NA,NA,NA,30,40,TL,NA,NA,NA,of no interest,Gaidropsaridae,Gadiformes,Teleostei,Osteichthyes,NA,NA,NA,NA,NA,NA,NA,NA,NA,NA,NA,NA,NA,NA,NA,NA
Gasterosteus aculeatus,2420,Gasterosteus,benthopelagic,anadromous,0,100,NA,NA,8,23.78,11,TL,5.09999990463257,TL,NA,minor commercial,Gasterosteidae,Perciformes/Gasterosteoidei,Teleostei,Osteichthyes,2615,1.66666666666667,4.53333330154419,475.833333333333,mainly animals (troph. 2.8 and up),hunting macrofauna (predator),0,3.31,NA,9.73999996185303,4.43333331743876,NA,NA,NA,NA,1.5
Gempylus serpens,1041,Gempylus,pelagic-oceanic,oceanodromous,0,600,0,200,NA,73.2,100,SL,60,SL,NA,minor commercial,Gempylidae,Scombriformes,Teleostei,Osteichthyes,NA,NA,NA,NA,NA,NA,NA,NA,NA,NA,NA,NA,NA,NA,NA,NA
Gephyroberyx darwinii,4962,Gephyroberyx,benthopelagic,NA,9,1210,200,500,NA,44,60,TL,45,TL,NA,commercial,Trachichthyidae,Trachichthyiformes,Teleostei,Osteichthyes,NA,NA,NA,NA,NA,NA,NA,NA,NA,NA,NA,NA,NA,NA,NA,NA
Glyptocephalus cynoglossus,26,Glyptocephalus,demersal,oceanodromous,18,1570,45,366,25,67.66,60,SL,NA,NA,2500,commercial,Pleuronectidae,Pleuronectiformes,Teleostei,Osteichthyes,36,7.67066663106283,28.7399997711182,278550,mainly animals (troph. 2.8 and up),hunting macrofauna (predator),-1,3.17,NA,71.0499992370605,21,NA,NA,NA,NA,1.16000002622604
Gobiosoma bosc,3870,Gobiosoma,demersal,NA,NA,NA,NA,NA,NA,10,6,TL,4.05000019073486,TL,NA,NA,Gobiidae,Gobiiformes,Teleostei,Osteichthyes,NA,NA,NA,NA,NA,NA,NA,NA,NA,NA,NA,NA,NA,NA,NA,NA
Gonostoma atlanticum,5052,Gonostoma,bathypelagic,NA,50,1352,NA,NA,NA,10,6.59999990463257,SL,NA,NA,NA,of no interest,Gonostomatidae,Stomiiformes,Teleostei,Osteichthyes,NA,NA,NA,NA,NA,NA,NA,NA,NA,NA,NA,NA,NA,NA,NA,NA
Gymnachirus melas,4257,Gymnachirus,demersal,NA,0,73,NA,NA,NA,12,22,TL,NA,NA,NA,commercial,Achiridae,Pleuronectiformes,Teleostei,Osteichthyes,NA,NA,NA,NA,NA,NA,NA,NA,NA,NA,NA,NA,NA,NA,NA,NA
Gymnura altavela,2577,Gymnura,demersal,NA,5,100,NA,NA,NA,50.8,400,WD,200,WD,60000,minor commercial,Gymnuridae,Myliobatiformes,Elasmobranchii,Chondrichthyes,NA,NA,NA,NA,NA,NA,NA,NA,NA,NA,NA,NA,NA,NA,NA,NA
Gymnura micrura,2579,Gymnura,demersal, ,NA,55,NA,NA,NA,50.8,137,WD,90,WD,NA,minor commercial,Gymnuridae,Myliobatiformes,Elasmobranchii,Chondrichthyes,2775,NA,31.75,NA,mainly animals (troph. 2.8 and up),hunting macrofauna (predator),0,3.56,90,15.6000003814697,NA,NA,NA,NA,NA,NA
Halichoeres bivittatus,3660,Halichoeres,reef-associated,NA,1,15,NA,NA,NA,25,35,TL,NA,NA,146,NA,Labridae,Eupercaria/misc,Teleostei,Osteichthyes,NA,NA,NA,NA,NA,NA,NA,NA,NA,NA,NA,NA,NA,NA,NA,NA
Halieutichthys aculeatus,3091,Halieutichthys,reef-associated,NA,5,820,5,150,NA,10,10,TL,NA,NA,NA,NA,Ogcocephalidae,Lophiiformes,Teleostei,Osteichthyes,NA,NA,NA,NA,NA,NA,NA,NA,NA,NA,NA,NA,NA,NA,NA,NA
Helicolenus dactylopterus,76,Helicolenus,bathydemersal,NA,50,1100,150,600,43,68.14,50,TL,25,TL,1550,commercial,Sebastidae,Perciformes/Scorpaenoidei,Teleostei,Osteichthyes,85,14.25,29,230055,mainly animals (troph. 2.8 and up),hunting macrofauna (predator),0,3.54,NA,34.1833333969116,30.4285714285714,NA,NA,NA,NA,0.96000000834465
Hemitripterus americanus,4097,Hemitripterus,demersal,NA,2,180,NA,NA,NA,47.2,68,TL,NA,NA,3200,NA,Agonidae,Perciformes/Cottoidei,Teleostei,Osteichthyes,NA,NA,NA,NA,NA,NA,NA,NA,NA,NA,NA,NA,NA,NA,NA,NA
Heteropriacanthus cruentatus,1150,Heteropriacanthus,reef-associated,NA,3,300,3,35,NA,40.28,50.7000007629395,TL,20,SL,2725,minor commercial,Priacanthidae,Eupercaria/misc,Teleostei,Osteichthyes,NA,NA,NA,NA,NA,NA,NA,NA,NA,NA,NA,NA,NA,NA,NA,NA
Hippocampus erectus,3283,Hippocampus,reef-associated,non-migratory,1,73,NA,NA,1,31.2,19,OT,NA,NA,NA,minor commercial,Syngnathidae,Syngnathiformes,Teleostei,Osteichthyes,3479,0.75,6.29999995231628,824.5,mainly animals (troph. 2.8 and up),NA,0,3.46,NA,17,1,NA,NA,NA,NA,1.5
Hippoglossina oblonga,4229,Hippoglossina,demersal,NA,NA,311,NA,NA,NA,39,49,TL,NA,NA,NA,NA,Paralichthyidae,Pleuronectiformes,Teleostei,Osteichthyes,NA,NA,NA,NA,NA,NA,NA,NA,NA,NA,NA,NA,NA,NA,NA,NA
Hippoglossoides platessoides,4239,Hippoglossoides,demersal,oceanodromous,10,3000,90,250,30,66.31,82.5999984741211,TL,NA,NA,6400,highly commercial,Pleuronectidae,Pleuronectiformes,Teleostei,Osteichthyes,4435,7.14639999389648,28.4904760633196,586214,mainly animals (troph. 2.8 and up),hunting macrofauna (predator),-1,4.08,NA,NA,21.75,NA,NA,NA,NA,2.0100000500679
Hippoglossus hippoglossus,1371,Hippoglossus,demersal,oceanodromous,50,2000,NA,NA,50,88.08,470,TL,NA,NA,320000,commercial,Pleuronectidae,Pleuronectiformes,Teleostei,Osteichthyes,1389,9.13333336512248,98.75,2400000,mainly animals (troph. 2.8 and up),hunting macrofauna (predator),0,4,330000,250,36.6666666666667,NA,NA,NA,NA,3.39999997615814
Hypanus americanus,1247,Hypanus,reef-associated,NA,0,53,NA,4,28,76.83,200,WD,90,WD,135630,commercial,Dasyatidae,Myliobatiformes,Elasmobranchii,Chondrichthyes,1263,NA,75.8333333333333,3.5,mainly animals (troph. 2.8 and up),variable,-1,3.51,NA,NA,28,NA,NA,NA,NA,NA
Hoplostethus mediterraneus,4964,Hoplostethus,benthopelagic,NA,100,1408,NA,NA,11,67.04,42,SL,20,SL,NA,of no interest,Trachichthyidae,Trachichthyiformes,Teleostei,Osteichthyes,5197,NA,16,52000,mainly animals (troph. 2.8 and up),hunting macrofauna (predator),0,3.49,141,14.3500003814697,8,NA,NA,NA,NA,NA
Hoplostethus occidentalis,15670,Hoplostethus,bathypelagic,NA,485,550,NA,NA,NA,11.11,17.2999992370605,SL,NA,NA,NA,of no interest,Trachichthyidae,Trachichthyiformes,Teleostei,Osteichthyes,NA,NA,NA,NA,NA,NA,NA,NA,NA,NA,NA,NA,NA,NA,NA,NA
Howella sherborni,5054,Howella,bathypelagic,NA,26,950,NA,NA,NA,10,8,TL,NA,NA,NA,of no interest,Howellidae,Acropomatiformes,Teleostei,Osteichthyes,NA,NA,NA,NA,NA,NA,NA,NA,NA,NA,NA,NA,NA,NA,NA,NA
Hygophum taaningi,16291,Hygophum,bathypelagic,NA,250,1000,NA,NA,NA,10,6.59999990463257,SL,NA,NA,3.5,NA,Myctophidae,Myctophiformes,Teleostei,Osteichthyes,NA,NA,NA,NA,NA,NA,NA,NA,NA,NA,NA,NA,NA,NA,NA,NA
Hypanus say,2575,Hypanus,demersal,NA,1,10,1,NA,NA,90,104,WD,NA,NA,NA,NA,Dasyatidae,Myliobatiformes,Elasmobranchii,Chondrichthyes,2771,NA,45,NA,mainly animals (troph. 2.8 and up),hunting macrofauna (predator),0,3.7,NA,NA,NA,NA,NA,NA,NA,NA
Hyperoglyphe perciformis,3921,Hyperoglyphe,pelagic-oceanic,NA,NA,NA,NA,NA,NA,56.4,91,TL,30,SL,12300,minor commercial,Centrolophidae,Scombriformes,Teleostei,Osteichthyes,NA,NA,NA,NA,NA,NA,NA,NA,NA,NA,NA,NA,NA,NA,NA,NA
Hyporhamphus unifasciatus,1060,Hyporhamphus,reef-associated,oceanodromous,0,5,NA,NA,NA,14.62,30,TL,20,SL,NA,minor commercial,Hemiramphidae,Beloniformes,Teleostei,Osteichthyes,1076,NA,18.25,NA,mainly plants/detritus (troph. 2-2.19),grazing on aquatic plants,0,2,NA,NA,NA,30.4,1.46,121.42,NA,NA
Hyporthodus nigritus,1207,Hyporthodus,demersal,oceanodromous,55,525,NA,NA,91,67.29,230,TL,NA,NA,198100,commercial,Epinephelidae,Perciformes/Serranoidei,Teleostei,Osteichthyes,NA,NA,NA,NA,NA,NA,NA,NA,NA,NA,NA,NA,NA,NA,NA,NA
Hyporthodus niveatus,1208,Hyporthodus,demersal,NA,30,525,100,200,27,64.14,122,TL,60,TL,30000,commercial,Epinephelidae,Perciformes/Serranoidei,Teleostei,Osteichthyes,1224,4.92000007629395,54,NA,mainly animals (troph. 2.8 and up),hunting macrofauna (predator),0,4.04,19000,117,26.5,NA,NA,NA,NA,NA
Isurus oxyrinchus,752,Isurus,pelagic-oceanic,oceanodromous,0,750,100,150,32,79.38,445,TL,270,TL,505760,minor commercial,Lamnidae,Lamniformes,Elasmobranchii,Chondrichthyes,768,14.3333333333333,244.4375,10,mainly animals (troph. 2.8 and up),hunting macrofauna (predator),0,4.5,462666.666666667,351.3125,26.5200000762939,NA,NA,NA,NA,NA
Kathetostoma albigutta,3706,Kathetostoma,demersal,NA,40,385,NA,NA,NA,18,28,TL,NA,NA,NA,NA,Uranoscopidae,Perciformes/Uranoscopoidei,Teleostei,Osteichthyes,NA,NA,NA,NA,NA,NA,NA,NA,NA,NA,NA,NA,NA,NA,NA,NA
Lachnolaimus maximus,1071,Lachnolaimus,reef-associated, ,3,30,NA,NA,23,58.79,91,TL,35,TL,11000,minor commercial,Labridae,Eupercaria/misc,Teleostei,Osteichthyes,1087,4.05000001192093,30.092499256134,160631.333333333,mainly animals (troph. 2.8 and up),hunting macrofauna (predator),0,4.17,NA,70.216667175293,16.3333333333333,NA,NA,NA,NA,1.20000004768372
Laemonema barbatulum,28218,Laemonema,benthopelagic,NA,50,1620,NA,NA,NA,30.26,33,SL,NA,NA,NA,NA,Moridae,Gadiformes,Teleostei,Osteichthyes,NA,NA,NA,NA,NA,NA,NA,NA,NA,NA,NA,NA,NA,NA,NA,NA
Lagocephalus laevigatus,1239,Lagocephalus,pelagic-neritic,NA,10,180,NA,NA,NA,60,100,TL,60,TL,4870,minor commercial,Tetraodontidae,Tetraodontiformes,Teleostei,Osteichthyes,NA,NA,NA,NA,NA,NA,NA,NA,NA,NA,NA,NA,NA,NA,NA,NA
Lagodon rhomboides,3576,Lagodon,demersal,NA,6,30,NA,NA,NA,34.4,40,TL,18,TL,1510,minor commercial,Sparidae,Eupercaria/misc,Teleostei,Osteichthyes,3772,NA,13.1333335240682,NA,mainly animals (troph. 2.8 and up),hunting macrofauna (predator),0,4.4,NA,27.6666666666667,6.5,NA,NA,NA,NA,NA
Lamna nasus,88,Lamna,pelagic-oceanic,oceanodromous,0,1360,0,300,65,74.1,350,TL,244,TL,230000,commercial,Lamnidae,Lamniformes,Elasmobranchii,Chondrichthyes,103,12.25,169.25,3.25,mainly animals (troph. 2.8 and up),hunting macrofauna (predator),0,4.57,NA,317,38.6666666666667,NA,NA,NA,NA,NA
Larimus fasciatus,1182,Larimus,demersal,NA,NA,98,NA,NA,NA,15.79,25,TL,16,TL,NA,of no interest,Sciaenidae,Eupercaria/misc,Teleostei,Osteichthyes,NA,NA,NA,NA,NA,NA,NA,NA,NA,NA,NA,NA,NA,NA,NA,NA
Leiostomus xanthurus,429,Leiostomus,demersal,oceanodromous,NA,60,NA,NA,4,29.15,36,TL,25,TL,450,commercial,Sciaenidae,Eupercaria/misc,Teleostei,Osteichthyes,NA,NA,NA,NA,NA,NA,NA,NA,NA,NA,NA,NA,NA,NA,NA,NA
Lepidocybium flavobrunneum,1042,Lepidocybium,benthopelagic,oceanodromous,200,1100,NA,NA,NA,90,200,SL,150,SL,45000,minor commercial,Gempylidae,Scombriformes,Teleostei,Osteichthyes,NA,NA,NA,NA,NA,NA,NA,NA,NA,NA,NA,NA,NA,NA,NA,NA
Lepophidium profundorum,5420,Lepophidium,demersal,NA,29,399,60,399,NA,18,28,TL,22,TL,NA,NA,Ophidiidae,Ophidiiformes,Teleostei,Osteichthyes,NA,NA,NA,NA,NA,NA,NA,NA,NA,NA,NA,NA,NA,NA,NA,NA
Leptoclinus maculatus,3788,Leptoclinus,demersal,NA,2,607,NA,NA,NA,58.66,20,TL,NA,NA,NA,NA,Lumpenidae,Perciformes/Zoarcoidei,Teleostei,Osteichthyes,3984,6.5,12.5,1862,mainly animals (troph. 2.8 and up),hunting macrofauna (predator),0,3.28,NA,23,12,NA,NA,NA,NA,NA
Leucoraja erinaceus,2557,Leucoraja,demersal,oceanodromous,10,914,NA,NA,12,49.82,62,TL,NA,NA,NA,NA,Rajidae,Rajiformes,Elasmobranchii,Chondrichthyes,2753,4,37.5,22,mainly animals (troph. 2.8 and up),hunting macrofauna (predator),0,3.61,NA,53.0999997456869,10,NA,NA,NA,NA,NA
Leucoraja garmani,1253,Leucoraja,bathydemersal,oceanodromous,33,530,NA,NA,NA,42.8,57,TL,NA,NA,NA,minor commercial,Rajidae,Rajiformes,Elasmobranchii,Chondrichthyes,NA,NA,NA,NA,NA,NA,NA,NA,NA,NA,NA,NA,NA,NA,NA,NA
Leucoraja ocellata,2562,Leucoraja,demersal,oceanodromous,4,723,NA,NA,20.7999992370605,58.62,113,TL,NA,NA,NA,NA,Rajidae,Rajiformes,Elasmobranchii,Chondrichthyes,2758,11.5,74.5,NA,mainly animals (troph. 2.8 and up),hunting macrofauna (predator),0,4.43,NA,93.5999984741211,19.1999998092651,NA,NA,NA,NA,NA
Liparis atlanticus,4186,Liparis,demersal,NA,0,415,0,2,NA,10,13,TL,NA,NA,NA,NA,Liparidae,Perciformes/Cottoidei,Teleostei,Osteichthyes,NA,NA,NA,NA,NA,NA,NA,NA,NA,NA,NA,NA,NA,NA,NA,NA
Liparis inquilinus,4195,Liparis,demersal,NA,3,97,NA,NA,NA,10,7.09999990463257,TL,NA,NA,NA,NA,Liparidae,Perciformes/Cottoidei,Teleostei,Osteichthyes,NA,NA,NA,NA,NA,NA,NA,NA,NA,NA,NA,NA,NA,NA,NA,NA
Lophius americanus,532,Lophius,demersal,oceanodromous,0,800,NA,NA,30,76.87,120,TL,90,TL,22560,highly commercial,Lophiidae,Lophiiformes,Teleostei,Osteichthyes,549,NA,42.5,1540891,mainly animals (troph. 2.8 and up),hunting macrofauna (predator),0,4.51,NA,107.333333333333,16.6666666666667,NA,NA,NA,NA,NA
Lophius gastrophysus,1078,Lophius,bathydemersal,NA,40,700,40,179,NA,44,60,TL,45,TL,NA,minor commercial,Lophiidae,Lophiiformes,Teleostei,Osteichthyes,NA,NA,NA,NA,NA,NA,NA,NA,NA,NA,NA,NA,NA,NA,NA,NA
Lopholatilus chamaeleonticeps,362,Lopholatilus,demersal,NA,80,540,NA,NA,35,72.97,125,TL,90,TL,30000,commercial,Latilidae,Eupercaria/misc,Teleostei,Osteichthyes,376,4,44.8000005086263,195000,mainly animals (troph. 2.8 and up),hunting macrofauna (predator),0,3.85,NA,107.166666666667,32,NA,NA,NA,NA,NA
Lumpenus lampretaeformis,1380,Lumpenus,demersal,non-migratory,30,373,40,100,NA,49.51,50,TL,NA,NA,NA,of no interest,Lumpenidae,Perciformes/Zoarcoidei,Teleostei,Osteichthyes,1399,3,20,NA,mainly animals (troph. 2.8 and up),hunting macrofauna (predator),0,3.59,NA,37.3999996185303,9,NA,NA,NA,NA,NA
Lutjanus synagris,181,Lutjanus,reef-associated,NA,10,400,21,70,10,37.06,60,TL,25,TL,3530,commercial,Lutjanidae,Eupercaria/misc,Teleostei,Osteichthyes,195,1.75,22.2000000897576,357080.75,mainly animals (troph. 2.8 and up),hunting macrofauna (predator),0,3.82,84.6999969482422,35.2400001525879,9.5,NA,NA,NA,NA,0.724999994039536
Maurolicus weitzmani,51611,Maurolicus,bathypelagic,NA,0,100,NA,NA,NA,10,5.19999980926514,SL,NA,NA,NA,NA,Sternoptychidae,Stomiiformes,Teleostei,Osteichthyes,NA,NA,NA,NA,NA,NA,NA,NA,NA,NA,NA,NA,NA,NA,NA,NA
Lycenchelys verrillii,3132,Lycenchelys,bathydemersal,NA,46,1100,NA,NA,NA,15,25,TL,NA,NA,NA,NA,Zoarcidae,Perciformes/Zoarcoidei,Teleostei,Osteichthyes,NA,NA,NA,NA,NA,NA,NA,NA,NA,NA,NA,NA,NA,NA,NA,NA
Macroramphosus scolopax,333,Macroramphosus,demersal,NA,25,600,50,350,NA,26.56,20,TL,12,TL,NA,commercial,Centriscidae,Syngnathiformes,Teleostei,Osteichthyes,NA,NA,NA,NA,NA,NA,NA,NA,NA,NA,NA,NA,NA,NA,NA,NA
Macrourus berglax,331,Macrourus,benthopelagic,non-migratory,100,1000,300,500,25,74.77,110,TL,NA,NA,NA,commercial,Macrouridae,Gadiformes,Teleostei,Osteichthyes,345,14.8000001907349,54.1333325703939,40832.6666666667,mainly animals (troph. 2.8 and up),hunting macrofauna (predator),0,3.81,NA,100,25,NA,NA,NA,NA,1.5
Malacocephalus occidentalis,4990,Malacocephalus,bathydemersal,non-migratory,140,1945,300,500,NA,35,45,TL,35,TL,NA,minor commercial,Macrouridae,Gadiformes,Teleostei,Osteichthyes,NA,NA,NA,NA,NA,NA,NA,NA,NA,NA,NA,NA,NA,NA,NA,NA
Malacoraja senta,2568,Malacoraja,bathydemersal,oceanodromous,25,1436,NA,NA,NA,58.19,71,TL,NA,NA,NA,of no interest,Rajidae,Rajiformes,Elasmobranchii,Chondrichthyes,NA,NA,NA,NA,NA,NA,NA,NA,NA,NA,NA,NA,NA,NA,NA,NA
Mallotus villosus,252,Mallotus,pelagic-oceanic,anadromous,0,725,NA,200,10,27.37,20,TL,15,TL,52,highly commercial,Osmeridae,Osmeriformes,Teleostei,Osteichthyes,266,2.28571428571429,13.65555551317,16283.4821428571,mainly animals (troph. 2.8 and up),selective plankton feeding,-1,3.15,42.5,19.5500001907349,6.1,NA,NA,NA,NA,NA
Melanogrammus aeglefinus,1381,Melanogrammus,demersal,oceanodromous,10,450,10,200,20,54.8,112,TL,35,TL,16800,highly commercial,Gadidae,Gadiformes,Teleostei,Osteichthyes,1400,3.57714285169329,36.8545454198664,754187.784090909,mainly animals (troph. 2.8 and up),hunting macrofauna (predator),0,4.03,NA,74.5,15.5,NA,NA,NA,NA,1.38499999046326
Melanostigma atlanticum,3150,Melanostigma,bathypelagic,NA,400,1853,NA,NA,NA,10,15,TL,NA,NA,NA,NA,Zoarcidae,Perciformes/Zoarcoidei,Teleostei,Osteichthyes,NA,NA,NA,NA,NA,NA,NA,NA,NA,NA,NA,NA,NA,NA,NA,NA
Menidia menidia,339,Menidia,pelagic-neritic,oceanodromous,0,3,NA,NA,2,13.34,15,TL,11.5,TL,NA,minor commercial,Atherinopsidae,Atheriniformes,Teleostei,Osteichthyes,NA,NA,NA,NA,NA,NA,NA,NA,NA,NA,NA,NA,NA,NA,NA,NA
Menticirrhus americanus,409,Menticirrhus,demersal,oceanodromous,NA,40,NA,NA,NA,38.25,50,TL,30,TL,1070,commercial,Sciaenidae,Eupercaria/misc,Teleostei,Osteichthyes,423,1.33333333333333,16.6777780320909,61170,mainly animals (troph. 2.8 and up),hunting macrofauna (predator),0,3.5,71.8000030517578,37.8333333333333,4,36.1425,0.60125,651.375388571429,NA,NA
Menticirrhus saxatilis,410,Menticirrhus,demersal,NA,10,NA,NA,NA,4,26.05,46,TL,30,TL,1110,minor commercial,Sciaenidae,Eupercaria/misc,Teleostei,Osteichthyes,424,NA,25.6000003814697,NA,mainly animals (troph. 2.8 and up),hunting macrofauna (predator),0,3.56,NA,46,4,NA,NA,NA,NA,0.840000003576279
Merluccius albidus,1080,Merluccius,bathydemersal,non-migratory,80,1170,160,640,NA,29.69,40.5999984741211,TL,30,TL,NA,minor commercial,Merlucciidae,Gadiformes,Teleostei,Osteichthyes,1096,NA,25.5,340000,mainly animals (troph. 2.8 and up),hunting macrofauna (predator),0,3.43,4100,69,NA,NA,NA,NA,NA,NA
Merluccius bilinearis,323,Merluccius,demersal,oceanodromous,55,914,NA,NA,12,53.7,76,TL,37,TL,2300,highly commercial,Merlucciidae,Gadiformes,Teleostei,Osteichthyes,337,1.65000003576279,22.8250002861023,7e+05,mainly animals (troph. 2.8 and up),hunting macrofauna (predator),0,4.49,NA,76,NA,NA,NA,NA,NA,0.929999977350235
Micropogonias undulatus,408,Micropogonias,demersal,NA,NA,100,NA,NA,5,34.09,55,TL,30,TL,2580,commercial,Sciaenidae,Eupercaria/misc,Teleostei,Osteichthyes,422,1,17.2999992370605,NA,mainly animals (troph. 2.8 and up),hunting macrofauna (predator),0,4,NA,44.033332824707,8,NA,NA,NA,NA,NA
Mola mola,1732,Mola,pelagic-oceanic,oceanodromous,30,1515,30,70,NA,66.61,333,TL,NA,NA,2300000,minor commercial,Molidae,Tetraodontiformes,Teleostei,Osteichthyes,NA,NA,NA,NA,NA,NA,NA,NA,NA,NA,NA,NA,NA,NA,NA,NA
Monacanthus ciliatus,4280,Monacanthus,reef-associated,NA,1,50,NA,NA,NA,10,20,TL,10,TL,NA,subsistence fisheries,Monacanthidae,Tetraodontiformes,Teleostei,Osteichthyes,NA,NA,NA,NA,NA,NA,NA,NA,NA,NA,NA,NA,NA,NA,NA,NA
Monolene sessilicauda,4227,Monolene,bathydemersal,NA,150,550,NA,NA,NA,10,18,TL,14,TL,NA,minor commercial,Bothidae,Pleuronectiformes,Teleostei,Osteichthyes,NA,NA,NA,NA,NA,NA,NA,NA,NA,NA,NA,NA,NA,NA,NA,NA
Morone saxatilis,353,Morone,demersal,anadromous,30,NA,NA,NA,30,60.64,200,TL,120,TL,57000,minor commercial,Moronidae,Eupercaria/misc,Teleostei,Osteichthyes,NA,NA,NA,NA,NA,NA,NA,NA,NA,NA,NA,NA,NA,NA,NA,NA
Mullus auratus,1093,Mullus,demersal,NA,9,91,10,60,NA,17,25,TL,16,TL,NA,minor commercial,Mullidae,Mulliformes,Teleostei,Osteichthyes,NA,NA,NA,NA,NA,NA,NA,NA,NA,NA,NA,NA,NA,NA,NA,NA
Mustelus canis,2539,Mustelus,demersal,oceanodromous,0,800,18,200,NA,53.33,150,TL,100,TL,12150,commercial,Triakidae,Carcharhiniformes,Elasmobranchii,Chondrichthyes,2735,2.73749998211861,89.875,NA,mainly animals (troph. 2.8 and up),hunting macrofauna (predator),0,3.64,NA,120.5,11,NA,NA,NA,NA,NA
Mycteroperca microlepis,1212,Mycteroperca,reef-associated,oceanodromous,30,160,NA,NA,31,61.89,145,TL,50,TL,36460,highly commercial,Epinephelidae,Perciformes/Serranoidei,Teleostei,Osteichthyes,1228,4.5,63.1499996185303,1329254.75,mainly animals (troph. 2.8 and up),hunting macrofauna (predator),0,3.65,13000,124,19,NA,NA,NA,NA,NA
Myctophum punctatum,1328,Myctophum,bathypelagic,oceanodromous,0,1000,NA,NA,NA,32.31,11,SL,NA,NA,NA,NA,Myctophidae,Myctophiformes,Teleostei,Osteichthyes,NA,NA,NA,NA,NA,NA,NA,NA,NA,NA,NA,NA,NA,NA,NA,NA
Myliobatis freminvillei,1251,Myliobatis,benthopelagic,NA,0,100,1,10,NA,82.5,129,WD,70,WD,NA,minor commercial,Myliobatidae,Myliobatiformes,Elasmobranchii,Chondrichthyes,1267,NA,65,6,mainly animals (troph. 2.8 and up),hunting macrofauna (predator),0,3.41,10300,111.25,NA,NA,NA,NA,NA,NA
Myliobatis goodei,2583,Myliobatis,benthopelagic,NA,1,130,NA,NA,NA,75,125,TL,80,WD,NA,minor commercial,Myliobatidae,Myliobatiformes,Elasmobranchii,Chondrichthyes,NA,NA,NA,NA,NA,NA,NA,NA,NA,NA,NA,NA,NA,NA,NA,NA
Myoxocephalus aenaeus,4117,Myoxocephalus,demersal,NA,1,357,NA,NA,NA,10,18,TL,NA,NA,NA,NA,Cottidae,Perciformes/Cottoidei,Teleostei,Osteichthyes,NA,NA,NA,NA,NA,NA,NA,NA,NA,NA,NA,NA,NA,NA,NA,NA
Myoxocephalus octodecemspinosus,4120,Myoxocephalus,demersal,NA,1,190,NA,NA,11,23.61,46,TL,NA,NA,NA,NA,Cottidae,Perciformes/Cottoidei,Teleostei,Osteichthyes,NA,NA,NA,NA,NA,NA,NA,NA,NA,NA,NA,NA,NA,NA,NA,NA
Myoxocephalus scorpius,1329,Myoxocephalus,demersal,NA,0,451,NA,NA,18,26.89,60,TL,24,SL,NA,NA,Cottidae,Perciformes/Cottoidei,Teleostei,Osteichthyes,1347,1,18.1,11984.2,mainly animals (troph. 2.8 and up),hunting macrofauna (predator),-1,3.89,NA,53.1666666666667,18,NA,NA,NA,NA,2.14999997615814
Myxine glutinosa,2513,Myxine,benthopelagic,non-migratory,20,1200,27,460,NA,51.44,95,TL,30,TL,NA,of no interest,Myxinidae,Myxiniformes,Myxini,Agnatha,2709,3,NA,25,mainly animals (troph. 2.8 and up),hunting macrofauna (predator),0,4.54,NA,79,NA,NA,NA,NA,NA,NA
Myzopsetta ferruginea,521,Myzopsetta,demersal,NA,27,364,36,91,12,63.84,64,TL,NA,NA,1500,commercial,Pleuronectidae,Pleuronectiformes,Teleostei,Osteichthyes,537,4.217999958992,28.0785713195801,1008333.33333333,mainly animals (troph. 2.8 and up),hunting macrofauna (predator),-1,3.28,NA,62.7000007629395,12,60.5566666666667,0.184266666666667,1183,NA,0.900000005960464
Naucrates ductor,998,Naucrates,reef-associated,NA,0,300,NA,NA,NA,48,70,TL,40,TL,NA,minor commercial,Carangidae,Carangiformes,Teleostei,Osteichthyes,NA,NA,NA,NA,NA,NA,NA,NA,NA,NA,NA,NA,NA,NA,NA,NA
Nemichthys scolopaceus,2660,Nemichthys,bathypelagic,NA,100,4337,100,1000,NA,50.54,130,TL,NA,NA,NA,of no interest,Nemichthyidae,Anguilliformes,Teleostei,Osteichthyes,NA,NA,NA,NA,NA,NA,NA,NA,NA,NA,NA,NA,NA,NA,NA,NA
Neomerinthe hemingwayi,3930,Neomerinthe,demersal,NA,45,230,NA,NA,NA,30,40,TL,NA,NA,NA,NA,Scorpaenidae,Perciformes/Scorpaenoidei,Teleostei,Osteichthyes,NA,NA,NA,NA,NA,NA,NA,NA,NA,NA,NA,NA,NA,NA,NA,NA
Nesiarchus nasutus,7573,Nesiarchus,benthopelagic,NA,200,1200,NA,NA,NA,90,130,SL,80,SL,NA,minor commercial,Gempylidae,Scombriformes,Teleostei,Osteichthyes,NA,NA,NA,NA,NA,NA,NA,NA,NA,NA,NA,NA,NA,NA,NA,NA
Nezumia bairdii,3104,Nezumia,benthopelagic,non-migratory,16,1000,90,700,11,39.78,40,TL,NA,NA,NA,minor commercial,Macrouridae,Gadiformes,Teleostei,Osteichthyes,NA,NA,NA,NA,NA,NA,NA,NA,NA,NA,NA,NA,NA,NA,NA,NA
Ogcocephalus corniger,3095,Ogcocephalus,demersal,NA,29,230,NA,NA,NA,13,23,TL,NA,NA,NA,NA,Ogcocephalidae,Lophiiformes,Teleostei,Osteichthyes,NA,NA,NA,NA,NA,NA,NA,NA,NA,NA,NA,NA,NA,NA,NA,NA
Ogcocephalus nasutus,3092,Ogcocephalus,reef-associated,NA,0,305,NA,NA,NA,28,38,TL,NA,NA,NA,NA,Ogcocephalidae,Lophiiformes,Teleostei,Osteichthyes,NA,NA,NA,NA,NA,NA,NA,NA,NA,NA,NA,NA,NA,NA,NA,NA
Ogcocephalus parvus,3093,Ogcocephalus,reef-associated,NA,29,126,54,125,NA,10,10,TL,NA,NA,5.80000019073486,NA,Ogcocephalidae,Lophiiformes,Teleostei,Osteichthyes,NA,NA,NA,NA,NA,NA,NA,NA,NA,NA,NA,NA,NA,NA,NA,NA
Ophichthus cruentifer,2654,Ophichthus,demersal,NA,106,154,NA,NA,NA,36.7,46.7000007629395,TL,NA,NA,NA,NA,Ophichthidae,Anguilliformes,Teleostei,Osteichthyes,NA,NA,NA,NA,NA,NA,NA,NA,NA,NA,NA,NA,NA,NA,NA,NA
Ophichthus puncticeps,2656,Ophichthus,demersal,NA,0,150,5,40,NA,52.4,81,TL,60,TL,NA,NA,Ophichthidae,Anguilliformes,Teleostei,Osteichthyes,NA,NA,NA,NA,NA,NA,NA,NA,NA,NA,NA,NA,NA,NA,NA,NA
Ophidion grayi,3112,Ophidion,demersal,NA,10,60,NA,NA,NA,20,30,TL,NA,NA,NA,of no interest,Ophidiidae,Ophidiiformes,Teleostei,Osteichthyes,NA,NA,NA,NA,NA,NA,NA,NA,NA,NA,NA,NA,NA,NA,NA,NA
Ophidion holbrookii,3113,Ophidion,reef-associated,NA,0,75,18,NA,NA,20,30,TL,23,TL,NA,minor commercial,Ophidiidae,Ophidiiformes,Teleostei,Osteichthyes,NA,NA,NA,NA,NA,NA,NA,NA,NA,NA,NA,NA,NA,NA,NA,NA
Ophidion marginatum,3114,Ophidion,demersal,NA,NA,NA,NA,NA,NA,15,25,TL,NA,NA,NA,of no interest,Ophidiidae,Ophidiiformes,Teleostei,Osteichthyes,NA,NA,NA,NA,NA,NA,NA,NA,NA,NA,NA,NA,NA,NA,NA,NA
Ophidion selenops,3116,Ophidion,reef-associated,NA,12,144,NA,NA,NA,10,10,TL,NA,NA,NA,of no interest,Ophidiidae,Ophidiiformes,Teleostei,Osteichthyes,NA,NA,NA,NA,NA,NA,NA,NA,NA,NA,NA,NA,NA,NA,NA,NA
Opisthonema oglinum,1486,Opisthonema,reef-associated,NA,1,50,5,NA,NA,23.84,38,TL,20,SL,375,commercial,Dorosomatidae,Clupeiformes,Teleostei,Osteichthyes,1679,2,12.9300001144409,NA,mainly animals (troph. 2.8 and up),hunting macrofauna (predator),0,4.5,27.7999992370605,20.9666665395101,8,23.825,0.6605625,117.39602,NA,NA
Opsanus tau,3069,Opsanus,reef-associated,NA,0,5,NA,NA,NA,49.53,43.2000007629395,TL,NA,NA,2230,NA,Batrachoididae,Batrachoidiformes,Teleostei,Osteichthyes,3265,2.5,NA,NA,mainly animals (troph. 2.8 and up),hunting macrofauna (predator),0,3.84,580,38,10,NA,NA,NA,NA,NA
Orthopristis chrysoptera,5,Orthopristis,demersal,oceanodromous,10,NA,NA,NA,4,42.45,46,SL,30,TL,900,minor commercial,Haemulidae,Eupercaria/misc,Teleostei,Osteichthyes,5,NA,20,NA,mainly animals (troph. 2.8 and up),hunting macrofauna (predator),0,3.42,NA,46,NA,NA,NA,NA,NA,0.75
Osmerus mordax,253,Osmerus,pelagic-oceanic,anadromous,0,425,NA,150,7,38.09,35.5999984741211,TL,NA,NA,NA,commercial,Osmeridae,Osmeriformes,Teleostei,Osteichthyes,5683,4.07142857142857,18.9599998474121,33986.0416666667,mainly animals (troph. 2.8 and up),hunting macrofauna (predator),0,3,NA,32.5,9,NA,NA,NA,NA,0.949999988079071
Otophidium omostigma,3119,Otophidium,demersal,NA,10,50,NA,NA,NA,10,12.8999996185303,SL,NA,NA,NA,of no interest,Ophidiidae,Ophidiiformes,Teleostei,Osteichthyes,NA,NA,NA,NA,NA,NA,NA,NA,NA,NA,NA,NA,NA,NA,NA,NA
Pagrus pagrus,1756,Pagrus,benthopelagic,oceanodromous,0,250,10,80,26,47.89,91,TL,35,SL,7720,commercial,Sparidae,Eupercaria/misc,Teleostei,Osteichthyes,1249,1.93333331743876,26.0833333333333,268630,mainly animals (troph. 2.8 and up),hunting macrofauna (predator),0,3.86,1200,62.9428574698312,16.25,NA,NA,NA,NA,NA
Parahollardia lineata,4272,Parahollardia,demersal,NA,119,396,NA,NA,NA,10,20,TL,NA,NA,NA,NA,Triacanthodidae,Tetraodontiformes,Teleostei,Osteichthyes,NA,NA,NA,NA,NA,NA,NA,NA,NA,NA,NA,NA,NA,NA,NA,NA
Paralepis coregonoides,1757,Paralepis,bathypelagic,oceanodromous,50,1032,200,600,NA,44.4,50,SL,NA,NA,NA,of no interest,Paralepididae,Aulopiformes,Teleostei,Osteichthyes,NA,NA,NA,NA,NA,NA,NA,NA,NA,NA,NA,NA,NA,NA,NA,NA
Paralichthys albigutta,980,Paralichthys,demersal,NA,19,130,NA,NA,NA,48.4,71,TL,35,TL,2830,minor commercial,Paralichthyidae,Pleuronectiformes,Teleostei,Osteichthyes,NA,NA,NA,NA,NA,NA,NA,NA,NA,NA,NA,NA,NA,NA,NA,NA
Paralichthys dentatus,1338,Paralichthys,demersal,oceanodromous,10,183,NA,37,9,46.85,94,TL,NA,NA,12000,commercial,Paralichthyidae,Pleuronectiformes,Teleostei,Osteichthyes,1356,NA,26.4499998092651,NA,mainly animals (troph. 2.8 and up),hunting macrofauna (predator),0,4.49,11793,94,9,NA,NA,NA,NA,0.925000011920929
Paralichthys lethostigma,981,Paralichthys,demersal,NA,NA,43,NA,NA,8,43.52,83,TL,50,TL,9330,commercial,Paralichthyidae,Pleuronectiformes,Teleostei,Osteichthyes,NA,NA,NA,NA,NA,NA,NA,NA,NA,NA,NA,NA,NA,NA,NA,NA
Parasudis truculenta,2726,Parasudis,demersal,NA,NA,479,133,181,NA,15,25,TL,22.5,SL,NA,NA,Chlorophthalmidae,Aulopiformes,Teleostei,Osteichthyes,NA,NA,NA,NA,NA,NA,NA,NA,NA,NA,NA,NA,NA,NA,NA,NA
Parascombrops spinosus,14336,Parascombrops,bathydemersal,NA,87,544,300,500,NA,10,13,TL,10.1000003814697,SL,NA,NA,Synagropidae,Acropomatiformes,Teleostei,Osteichthyes,NA,NA,NA,NA,NA,NA,NA,NA,NA,NA,NA,NA,NA,NA,NA,NA
Pareques umbrosus,3586,Pareques,reef-associated,NA,5,91,NA,NA,NA,15,25,TL,15,TL,NA,minor commercial,Sciaenidae,Eupercaria/misc,Teleostei,Osteichthyes,NA,NA,NA,NA,NA,NA,NA,NA,NA,NA,NA,NA,NA,NA,NA,NA
Peprilus triacanthus,492,Peprilus,benthopelagic,oceanodromous,15,420,NA,55,NA,20.52,30,TL,20,TL,NA,commercial,Stromateidae,Scombriformes,Teleostei,Osteichthyes,508,0.899999976158142,11.6999998092651,NA,mainly animals (troph. 2.8 and up),hunting macrofauna (predator),0,3.91,NA,30.25,NA,18.3,0.8,133,NA,0.770000010728836
Peristedion gracile,4017,Peristedion,bathydemersal,NA,30,475,NA,NA,NA,10,20,TL,NA,NA,NA,NA,Peristediidae,Perciformes/Scorpaenoidei,Teleostei,Osteichthyes,NA,NA,NA,NA,NA,NA,NA,NA,NA,NA,NA,NA,NA,NA,NA,NA
Peristedion miniatum,4018,Peristedion,bathydemersal,NA,64,910,NA,NA,NA,20,30,TL,NA,NA,NA,NA,Peristediidae,Perciformes/Scorpaenoidei,Teleostei,Osteichthyes,NA,NA,NA,NA,NA,NA,NA,NA,NA,NA,NA,NA,NA,NA,NA,NA
Petromyzon marinus,2530,Petromyzon,demersal,anadromous,1,4099,NA,NA,11,72.15,120,TL,60,TL,2500,minor commercial,Petromyzontidae,Petromyzontiformes,Petromyzonti,Agnatha,2726,7.375,NA,190889,mainly animals (troph. 2.8 and up),hunting macrofauna (predator),0,4.36999988555908,1674.5,107.933334350586,10,NA,NA,NA,NA,1.02500000596046
Pholis gunnellus,3804,Pholis,demersal,non-migratory,0,100,0,30,5,34.2,25,SL,NA,NA,NA,of no interest,Pholidae,Perciformes/Zoarcoidei,Teleostei,Osteichthyes,4000,2,NA,NA,mainly animals (troph. 2.8 and up),NA,0,3.54,NA,NA,12,NA,NA,NA,NA,1.94000005722046
Phycis chesteri,1880,Phycis,benthopelagic,non-migratory,90,1500,360,800,NA,55,42,NG,NA,NA,NA,of potential interest,Phycidae,Gadiformes,Teleostei,Osteichthyes,NA,NA,NA,NA,NA,NA,NA,NA,NA,NA,NA,NA,NA,NA,NA,NA
Physiculus fulvus,28217,Physiculus,benthopelagic,NA,0,139,NA,NA,NA,10,10.6000003814697,SL,NA,NA,NA,NA,Moridae,Gadiformes,Teleostei,Osteichthyes,NA,NA,NA,NA,NA,NA,NA,NA,NA,NA,NA,NA,NA,NA,NA,NA
Plectrypops retrospinis,3253,Plectrypops,reef-associated,NA,NA,22,NA,NA,NA,10,15,TL,NA,NA,NA,of no interest,Holocentridae,Holocentriformes,Teleostei,Osteichthyes,NA,NA,NA,NA,NA,NA,NA,NA,NA,NA,NA,NA,NA,NA,NA,NA
Poecilopsetta beanii,58866,Poecilopsetta,bathydemersal,NA,155,1636,200,NA,NA,10,10.6700000762939,SL,NA,NA,NA,of no interest,Poecilopsettidae,Pleuronectiformes,Teleostei,Osteichthyes,NA,NA,NA,NA,NA,NA,NA,NA,NA,NA,NA,NA,NA,NA,NA,NA
Pollachius virens,1343,Pollachius,demersal,oceanodromous,37,364,NA,NA,25,58.6,130,TL,60,TL,32000,highly commercial,Gadidae,Gadiformes,Teleostei,Osteichthyes,1361,4.04999999205271,52.3799995422363,4535500,mainly animals (troph. 2.8 and up),hunting macrofauna (predator),0,4.31,NA,120,17.5,NA,NA,NA,NA,1.125
Polyipnus clarus,47696,Polyipnus,bathydemersal,NA,0,833,300,400,NA,10,6,SL,NA,NA,NA,NA,Sternoptychidae,Stomiiformes,Teleostei,Osteichthyes,NA,NA,NA,NA,NA,NA,NA,NA,NA,NA,NA,NA,NA,NA,NA,NA
Polymetme thaeocoryla,57353,Polymetme,bathydemersal,NA,213,1400,NA,NA,NA,16.35,21.6000003814697,SL,NA,NA,NA,NA,Phosichthyidae,Stomiiformes,Teleostei,Osteichthyes,NA,NA,NA,NA,NA,NA,NA,NA,NA,NA,NA,NA,NA,NA,NA,NA
Polymixia lowei,3245,Polymixia,bathydemersal,NA,50,600,150,600,NA,10,20,TL,15,TL,NA,minor commercial,Polymixiidae,Polymixiiformes,Teleostei,Osteichthyes,NA,NA,NA,NA,NA,NA,NA,NA,NA,NA,NA,NA,NA,NA,NA,NA
Polymixia nobilis,7557,Polymixia,bathydemersal,NA,100,770,360,540,14,48.39,48,TL,30,TL,NA,commercial,Polymixiidae,Polymixiiformes,Teleostei,Osteichthyes,7861,NA,27.8999996185303,NA,mainly animals (troph. 2.8 and up),hunting macrofauna (predator),0,4.2,NA,42.4500007629395,14,43.7083333333333,0.211333333333333,NA,NA,NA
Pomatomus saltatrix,364,Pomatomus,pelagic-oceanic,oceanodromous,0,200,NA,NA,9,57.63,130,TL,60,TL,14400,highly commercial,Pomatomidae,Scombriformes,Teleostei,Osteichthyes,378,2.15000003576279,30.5,537443,mainly animals (troph. 2.8 and up),hunting macrofauna (predator),0,4.53,75.1900024414062,66.3666667938232,9,NA,NA,NA,NA,1.05000001192093
Pontinus longispinis,3931,Pontinus,demersal,NA,75,440,NA,NA,NA,21.6,31.6000003814697,TL,20,TL,556.599975585938,NA,Scorpaenidae,Perciformes/Scorpaenoidei,Teleostei,Osteichthyes,NA,NA,NA,NA,NA,NA,NA,NA,NA,NA,NA,NA,NA,NA,NA,NA
Pontinus rathbuni,3933,Pontinus,demersal,NA,NA,146,NA,NA,NA,15,25,TL,NA,NA,NA,NA,Scorpaenidae,Perciformes/Scorpaenoidei,Teleostei,Osteichthyes,NA,NA,NA,NA,NA,NA,NA,NA,NA,NA,NA,NA,NA,NA,NA,NA
Porichthys plectrodon,3072,Porichthys,demersal,NA,1,100,NA,NA,NA,19,29,TL,20,TL,10.6999998092651,minor commercial,Batrachoididae,Batrachoidiformes,Teleostei,Osteichthyes,NA,NA,NA,NA,NA,NA,NA,NA,NA,NA,NA,NA,NA,NA,NA,NA
Priacanthus arenatus,1149,Priacanthus,reef-associated,NA,10,200,15,100,NA,24.62,50,TL,35,TL,2850,minor commercial,Priacanthidae,Eupercaria/misc,Teleostei,Osteichthyes,NA,NA,NA,NA,NA,NA,NA,NA,NA,NA,NA,NA,NA,NA,NA,NA
Prionotus alatus,4020,Prionotus,demersal,NA,35,180,NA,NA,NA,10,17.5,TL,NA,NA,NA,NA,Triglidae,Perciformes/Scorpaenoidei,Teleostei,Osteichthyes,NA,NA,NA,NA,NA,NA,NA,NA,NA,NA,NA,NA,NA,NA,NA,NA
Prionotus carolinus,1243,Prionotus,demersal,NA,15,170,NA,NA,NA,34.58,38,TL,30,TL,NA,minor commercial,Triglidae,Perciformes/Scorpaenoidei,Teleostei,Osteichthyes,NA,NA,NA,NA,NA,NA,NA,NA,NA,NA,NA,NA,NA,NA,NA,NA
Prionotus evolans,1244,Prionotus,reef-associated,NA,9,180,20,70,7,36.23,45,TL,30,TL,1550,minor commercial,Triglidae,Perciformes/Scorpaenoidei,Teleostei,Osteichthyes,1260,2,22.1000003814697,NA,mainly animals (troph. 2.8 and up),hunting macrofauna (predator),0,4.28,NA,45.5,7,NA,NA,NA,NA,NA
Prionotus ophryas,4022,Prionotus,reef-associated,NA,1,171,NA,NA,NA,17,27,TL,22.5,TL,275,NA,Triglidae,Perciformes/Scorpaenoidei,Teleostei,Osteichthyes,NA,NA,NA,NA,NA,NA,NA,NA,NA,NA,NA,NA,NA,NA,NA,NA
Prionotus rubio,4025,Prionotus,demersal,NA,NA,NA,11,13,NA,20,30,TL,NA,NA,NA,NA,Triglidae,Perciformes/Scorpaenoidei,Teleostei,Osteichthyes,NA,NA,NA,NA,NA,NA,NA,NA,NA,NA,NA,NA,NA,NA,NA,NA
Prionotus scitulus,4027,Prionotus,demersal,NA,1,45,NA,NA,NA,15,25,TL,NA,NA,NA,NA,Triglidae,Perciformes/Scorpaenoidei,Teleostei,Osteichthyes,NA,NA,NA,NA,NA,NA,NA,NA,NA,NA,NA,NA,NA,NA,NA,NA
Prionotus stearnsi,4028,Prionotus,demersal,NA,37,300,73,180,NA,10,17.5,TL,NA,NA,NA,NA,Triglidae,Perciformes/Scorpaenoidei,Teleostei,Osteichthyes,NA,NA,NA,NA,NA,NA,NA,NA,NA,NA,NA,NA,NA,NA,NA,NA
Prionotus tribulus,4030,Prionotus,demersal,NA,9,183,NA,NA,NA,25,35,TL,NA,NA,NA,NA,Triglidae,Perciformes/Scorpaenoidei,Teleostei,Osteichthyes,NA,NA,NA,NA,NA,NA,NA,NA,NA,NA,NA,NA,NA,NA,NA,NA
Pristigenys alta,3518,Pristigenys,reef-associated,NA,5,200,NA,NA,NA,20,30,TL,20,TL,NA,of no interest,Priacanthidae,Eupercaria/misc,Teleostei,Osteichthyes,NA,NA,NA,NA,NA,NA,NA,NA,NA,NA,NA,NA,NA,NA,NA,NA
Pristipomoides aquilonaris,198,Pristipomoides,demersal,NA,24,370,50,250,NA,42.4,56,TL,20,TL,1990,minor commercial,Lutjanidae,Eupercaria/misc,Teleostei,Osteichthyes,NA,NA,NA,NA,NA,NA,NA,NA,NA,NA,NA,NA,NA,NA,NA,NA
Promethichthys prometheus,5008,Promethichthys,benthopelagic,oceanodromous,80,800,300,400,NA,58.16,100,SL,40,SL,NA,subsistence fisheries,Gempylidae,Scombriformes,Teleostei,Osteichthyes,5242,4,47.4000015258789,NA,mainly animals (troph. 2.8 and up),hunting macrofauna (predator),0,4.18,NA,80,11,NA,NA,NA,NA,NA
Pseudopleuronectes americanus,524,Pseudopleuronectes,demersal,oceanodromous,5,143,NA,NA,14,33.64,64,TL,NA,NA,3600,commercial,Pleuronectidae,Pleuronectiformes,Teleostei,Osteichthyes,540,2.81666664282481,26.9333335028754,1071433.75,mainly animals (troph. 2.8 and up),hunting macrofauna (predator),0,3.62,NA,40.5714285714286,12.3333333333333,NA,NA,NA,NA,0.7950000166893
Pseudupeneus maculatus,1094,Pseudupeneus,reef-associated,NA,0,90,0,35,NA,35.27,30,TL,22,TL,NA,commercial,Mullidae,Mulliformes,Teleostei,Osteichthyes,1110,NA,18.8333333333333,NA,mainly animals (troph. 2.8 and up),hunting macrofauna (predator),0,3.65,NA,25.8000001907349,NA,28.5466666666667,0.436333333333333,451.303323333333,NA,NA
Rhomboplites aurorubens,213,Rhomboplites,demersal,NA,40,300,40,100,10,49.58,60,TL,35,TL,3170,minor commercial,Lutjanidae,Eupercaria/misc,Teleostei,Osteichthyes,227,NA,21.5,3974955.58333333,mainly animals (troph. 2.8 and up),hunting macrofauna (predator),0,4.36,3.40000009536743,60.1499996185303,11,NA,NA,NA,NA,NA
Rachycentron canadum,3542,Rachycentron,reef-associated,oceanodromous,0,1200,NA,NA,15,42.21,200,TL,110,TL,68000,minor commercial,Rachycentridae,Carangiformes,Teleostei,Osteichthyes,3738,NA,71.25,3687000,mainly animals (troph. 2.8 and up),hunting macrofauna (predator),0,3.96,31358.3142852783,139.262500047684,11,135.458333333333,0.344708333333333,27592.5037365217,NA,NA
Reinhardtius hippoglossoides,516,Reinhardtius,benthopelagic,oceanodromous,1,2200,500,1000,36,71.36,110,TL,56,FL,7000,highly commercial,Pleuronectidae,Pleuronectiformes,Teleostei,Osteichthyes,532,9.59000005722046,63.7409996032715,80965,mainly animals (troph. 2.8 and up),hunting macrofauna (predator),-1,4.38,10406.25,94.3571428571429,23.25,NA,NA,NA,NA,4.25
Remora remora,1751,Remora,reef-associated,NA,0,200,NA,NA,NA,54.56,86.4000015258789,TL,40,TL,1070,commercial,Echeneidae,Carangiformes,Teleostei,Osteichthyes,NA,NA,NA,NA,NA,NA,NA,NA,NA,NA,NA,NA,NA,NA,NA,NA
Rhinoptera bonasus,2584,Rhinoptera,benthopelagic,oceanodromous,0,22,NA,NA,NA,59.43,120,WD,NA,NA,953,minor commercial,Rhinopteridae,Myliobatiformes,Elasmobranchii,Chondrichthyes,2780,4.5,65.1666666666667,NA,mainly animals (troph. 2.8 and up),hunting macrofauna (predator),0,3.23,13317.6666666667,92.8199996948242,16.25,114.008333333333,0.146705,NA,NA,NA
Rhizoprionodon terraenovae,905,Rhizoprionodon,demersal,NA,0,280,0,10,10,49.78,110,TL,70,TL,7250,subsistence fisheries,Carcharhinidae,Carcharhiniformes,Elasmobranchii,Chondrichthyes,921,3.05999999046326,83.3333333333333,4,mainly animals (troph. 2.8 and up),hunting macrofauna (predator),0,4.37,NA,112,9,NA,NA,NA,NA,NA
Rostroraja eglanteria,1252,Rostroraja,demersal,oceanodromous,0,330,0,50,NA,50.9,84,TL,NA,NA,NA,minor commercial,Rajidae,Rajiformes,Elasmobranchii,Chondrichthyes,1268,4,53.5,30.5,mainly animals (troph. 2.8 and up),hunting macrofauna (predator),0,3.88,NA,84,NA,78.5,0.2,3975.37183,NA,NA
Salmo salar,236,Salmo,benthopelagic,anadromous,0,210,10,23,13,45.37,150,TL,38,TL,46764,highly commercial,Salmonidae,Salmoniformes,Teleostei,Osteichthyes,250,3.82941177662681,51.6800003051758,12540.25,mainly animals (troph. 2.8 and up),hunting macrofauna (predator),0,4.5,29943,114.4,8.33333333333333,NA,NA,NA,NA,5.57999992370605
Sarda orientalis,114,Sarda,pelagic-neritic,oceanodromous,1,167,NA,NA,NA,35.08,102,FL,55,TL,10650,minor commercial,Scombridae,Scombriformes,Teleostei,Osteichthyes,NA,NA,NA,NA,NA,NA,NA,NA,NA,NA,NA,NA,NA,NA,NA,NA
Sarda sarda,115,Sarda,pelagic-neritic,oceanodromous,80,200,NA,NA,5,32.68,91.4000015258789,FL,50,FL,11000,highly commercial,Scombridae,Scombriformes,Teleostei,Osteichthyes,129,1,38.6340003967285,171073,mainly animals (troph. 2.8 and up),hunting macrofauna (predator),0,4.5,4648.36400146484,73.0999997456868,5.90000001589457,NA,NA,NA,NA,NA
Sardinella aurita,1043,Sardinella,pelagic-neritic,oceanodromous,0,350,NA,NA,7,28.98,41,TL,25,SL,420,highly commercial,Dorosomatidae,Clupeiformes,Teleostei,Osteichthyes,1059,1.09250000119209,18.6772726232355,56136.65,plants/detritus+animals (troph. 2.2-2.79),selective plankton feeding,0,3.4,NA,30.0400001525879,6.0625,NA,NA,NA,NA,0.479999996721745
Saurida normani,2718,Saurida,reef-associated,NA,25,550,NA,NA,NA,35,45,TL,30,TL,500,NA,Synodontidae,Aulopiformes,Teleostei,Osteichthyes,NA,NA,NA,NA,NA,NA,NA,NA,NA,NA,NA,NA,NA,NA,NA,NA
Sciaenops ocellatus,1191,Sciaenops,demersal,oceanodromous,10,NA,NA,NA,50,42.92,155,TL,100,TL,45000,minor commercial,Sciaenidae,Eupercaria/misc,Teleostei,Osteichthyes,1207,4.5,71.8999989827474,3500000,mainly animals (troph. 2.8 and up),hunting macrofauna (predator),0,3.74,NA,104.5,35,NA,NA,NA,NA,NA
Scomber japonicus,117,Scomber,pelagic-neritic,oceanodromous,0,300,50,200,18,30.73,64,TL,30,FL,2900,highly commercial,Scombridae,Scombriformes,Teleostei,Osteichthyes,NA,NA,NA,NA,NA,NA,NA,NA,NA,NA,NA,NA,NA,NA,NA,NA
Scomber scombrus,118,Scomber,pelagic-neritic,oceanodromous,0,1000,0,200,17,30.18,60,FL,30,FL,3400,highly commercial,Scombridae,Scombriformes,Teleostei,Osteichthyes,132,2.31666664282481,28.4333335028754,511506.797202797,mainly animals (troph. 2.8 and up),variable,0,3.63,NA,49,18,NA,NA,NA,NA,1.14999997615814
Scomberesox saurus,1084,Scomberesox,pelagic-oceanic,oceanodromous,0,30,NA,NA,NA,24.28,50,TL,32,TL,NA,minor commercial,Scomberesocidae,Beloniformes,Teleostei,Osteichthyes,1100,0.5,26.5,NA,mainly animals (troph. 2.8 and up),selective plankton feeding,0,3.91,NA,50,2,NA,NA,NA,NA,NA
Scomberomorus cavalla,120,Scomberomorus,pelagic-neritic,oceanodromous,5,140,5,15,26,47.61,184,TL,70,FL,45000,commercial,Scombridae,Scombriformes,Teleostei,Osteichthyes,134,NA,63.8400001525879,2923275.08333333,mainly animals (troph. 2.8 and up),hunting macrofauna (predator),0,4.42,42900,136.516666412354,18.5333333333333,NA,NA,NA,NA,NA
Scomberomorus maculatus,126,Scomberomorus,pelagic-neritic,oceanodromous,10,35,NA,NA,5,39.27,91,FL,NA,NA,5890,highly commercial,Scombridae,Scombriformes,Teleostei,Osteichthyes,140,2.5,37.740000406901,846500,mainly animals (troph. 2.8 and up),hunting macrofauna (predator),0,4.53,22500,77.6428571428571,NA,79.35,0.30325,6079.97647,NA,NA
Scophthalmus aquosus,530,Scophthalmus,demersal,NA,55,73,NA,NA,7,43.24,45.7000007629395,TL,NA,NA,NA,commercial,Scophthalmidae,Pleuronectiformes,Teleostei,Osteichthyes,546,NA,21.8500003814697,NA,mainly animals (troph. 2.8 and up),hunting macrofauna (predator),0,3.72,NA,NA,7,NA,NA,NA,NA,1.09999996423721
Scorpaena agassizii,3934,Scorpaena,demersal,NA,46,275,NA,NA,NA,10,20,TL,15,TL,NA,NA,Scorpaenidae,Perciformes/Scorpaenoidei,Teleostei,Osteichthyes,NA,NA,NA,NA,NA,NA,NA,NA,NA,NA,NA,NA,NA,NA,NA,NA
Scorpaena calcarata,3939,Scorpaena,reef-associated,NA,1,216,NA,NA,NA,10,13,TL,NA,NA,NA,NA,Scorpaenidae,Perciformes/Scorpaenoidei,Teleostei,Osteichthyes,NA,NA,NA,NA,NA,NA,NA,NA,NA,NA,NA,NA,NA,NA,NA,NA
Scorpaena dispar,3940,Scorpaena,reef-associated,NA,36,118,NA,NA,NA,13,23,TL,NA,NA,NA,NA,Scorpaenidae,Perciformes/Scorpaenoidei,Teleostei,Osteichthyes,NA,NA,NA,NA,NA,NA,NA,NA,NA,NA,NA,NA,NA,NA,NA,NA
Scyliorhinus retifer,853,Scyliorhinus,demersal,NA,36,750,NA,NA,NA,38,48,TL,NA,NA,NA,of no interest,Scyliorhinidae,Carcharhiniformes,Elasmobranchii,Chondrichthyes,NA,NA,NA,NA,NA,NA,NA,NA,NA,NA,NA,NA,NA,NA,NA,NA
Sebastes fasciatus,3969,Sebastes,demersal,NA,70,592,128,366,NA,49.39,47,TL,NA,NA,NA,NA,Sebastidae,Perciformes/Scorpaenoidei,Teleostei,Osteichthyes,4165,5.5,21.5999994277954,NA,mainly animals (troph. 2.8 and up),selective plankton feeding,0,3.24,NA,47,NA,NA,NA,NA,NA,NA
Selar crumenophthalmus,387,Selar,reef-associated,NA,0,170,2,10,3,39.44,70,TL,NA,NA,NA,highly commercial,Carangidae,Carangiformes,Teleostei,Osteichthyes,401,NA,17.6666666666667,115210.25,mainly animals (troph. 2.8 and up),hunting macrofauna (predator),0,3.81,NA,34.1571429116385,5.26666657129924,NA,NA,NA,NA,NA
Selene setapinnis,378,Selene,benthopelagic,NA,0,55,NA,NA,NA,29.49,60,TL,25,TL,4600,highly commercial,Carangidae,Carangiformes,Teleostei,Osteichthyes,392,NA,21.0666669209798,NA,mainly animals (troph. 2.8 and up),hunting macrofauna (predator),0,3.72,233.5,26.9,NA,28.0133333333333,0.583333333333333,204.73627,NA,NA
Selene vomer,1004,Selene,demersal,NA,1,53,NA,NA,NA,38.3,48.2999992370605,TL,35,TL,2100,minor commercial,Carangidae,Carangiformes,Teleostei,Osteichthyes,NA,NA,NA,NA,NA,NA,NA,NA,NA,NA,NA,NA,NA,NA,NA,NA
Seriola dumerili,1005,Seriola,reef-associated,oceanodromous,1,360,18,72,15,53.95,190,TL,100,TL,80600,minor commercial,Carangidae,Carangiformes,Teleostei,Osteichthyes,1021,3.0166666507721,90.1166674296061,38651500,mainly animals (troph. 2.8 and up),hunting macrofauna (predator),-1,4.5,NA,156.75,15,NA,NA,NA,NA,1.38999998569489
Seriola fasciata,1006,Seriola,benthopelagic,NA,55,348,NA,NA,NA,49.97,67.5,FL,50,TL,4600,subsistence fisheries,Carangidae,Carangiformes,Teleostei,Osteichthyes,NA,NA,NA,NA,NA,NA,NA,NA,NA,NA,NA,NA,NA,NA,NA,NA
Seriola rivoliana,1007,Seriola,reef-associated,NA,5,245,30,35,NA,90,160,FL,90,TL,59870,commercial,Carangidae,Carangiformes,Teleostei,Osteichthyes,NA,NA,NA,NA,NA,NA,NA,NA,NA,NA,NA,NA,NA,NA,NA,NA
Seriola zonata,1008,Seriola,benthopelagic,NA,3,360,NA,NA,NA,50,75,TL,50,TL,5200,minor commercial,Carangidae,Carangiformes,Teleostei,Osteichthyes,NA,NA,NA,NA,NA,NA,NA,NA,NA,NA,NA,NA,NA,NA,NA,NA
Serranus atrobranchus,3343,Serranus,demersal,NA,10,219,10,90,NA,10,19,TL,9,TL,NA,NA,Serranidae,Perciformes/Serranoidei,Teleostei,Osteichthyes,NA,NA,NA,NA,NA,NA,NA,NA,NA,NA,NA,NA,NA,NA,NA,NA
Serranus phoebe,3347,Serranus,reef-associated,NA,27,400,27,180,NA,10,20,TL,15,TL,NA,NA,Serranidae,Perciformes/Serranoidei,Teleostei,Osteichthyes,NA,NA,NA,NA,NA,NA,NA,NA,NA,NA,NA,NA,NA,NA,NA,NA
Sigmops elongatus,7383,Sigmops,bathypelagic,NA,25,4740,100,1500,NA,17.5,27.5,TL,NA,NA,NA,of no interest,Gonostomatidae,Stomiiformes,Teleostei,Osteichthyes,NA,NA,NA,NA,NA,NA,NA,NA,NA,NA,NA,NA,NA,NA,NA,NA
Simenchelys parasitica,9102,Simenchelys,bathydemersal,NA,100,3000,500,1800,NA,44.4,61,TL,NA,NA,NA,of no interest,Synaphobranchidae,Anguilliformes,Teleostei,Osteichthyes,NA,NA,NA,NA,NA,NA,NA,NA,NA,NA,NA,NA,NA,NA,NA,NA
Stomias boa,1806,Stomias,bathypelagic,NA,200,2173,NA,NA,NA,29.28,32.2000007629395,SL,NA,NA,NA,NA,Stomiidae,Stomiiformes,Teleostei,Osteichthyes,NA,NA,NA,NA,NA,NA,NA,NA,NA,NA,NA,NA,NA,NA,NA,NA
Sphoeroides dorsalis,4294,Sphoeroides,demersal,NA,18,100,18,100,NA,10,20,TL,18,TL,NA,NA,Tetraodontidae,Tetraodontiformes,Teleostei,Osteichthyes,NA,NA,NA,NA,NA,NA,NA,NA,NA,NA,NA,NA,NA,NA,NA,NA
Sphoeroides maculatus,1181,Sphoeroides,demersal,NA,10,183,NA,NA,NA,24.41,36,TL,20,TL,NA,minor commercial,Tetraodontidae,Tetraodontiformes,Teleostei,Osteichthyes,NA,NA,NA,NA,NA,NA,NA,NA,NA,NA,NA,NA,NA,NA,NA,NA
Sphoeroides nephelus,1240,Sphoeroides,reef-associated,NA,0,11,NA,NA,NA,20,30,TL,20,TL,NA,subsistence fisheries,Tetraodontidae,Tetraodontiformes,Teleostei,Osteichthyes,NA,NA,NA,NA,NA,NA,NA,NA,NA,NA,NA,NA,NA,NA,NA,NA
Sphoeroides pachygaster,4296,Sphoeroides,benthopelagic,NA,50,480,50,250,NA,39.41,40.5,SL,26,TL,NA,commercial,Tetraodontidae,Tetraodontiformes,Teleostei,Osteichthyes,NA,NA,NA,NA,NA,NA,NA,NA,NA,NA,NA,NA,NA,NA,NA,NA
Sphyraena borealis,3679,Sphyraena,reef-associated,NA,10,65,NA,NA,NA,36,46,TL,NA,NA,NA,NA,Sphyraenidae,Carangaria/misc,Teleostei,Osteichthyes,NA,NA,NA,NA,NA,NA,NA,NA,NA,NA,NA,NA,NA,NA,NA,NA
Sphyrna lewini,912,Sphyrna,pelagic-oceanic,oceanodromous,0,1000,0,25,35,77.74,430,TL,360,TL,152400,commercial,Sphyrnidae,Carcharhiniformes,Elasmobranchii,Chondrichthyes,928,8.06666656335195,196.545454545455,20,mainly animals (troph. 2.8 and up),hunting macrofauna (predator),-1,4.08,NA,329.887498855591,27.0249998569489,NA,NA,NA,NA,NA
Squalus acanthias,139,Squalus,benthopelagic,oceanodromous,0,1460,50,300,75,64.26,160,TL,100,TL,9100,commercial,Squalidae,Squaliformes,Elasmobranchii,Chondrichthyes,153,11.9500000476837,77.0823530309341,8.85714285714286,mainly animals (troph. 2.8 and up),hunting macrofauna (predator),0,4.37,4650,116.7,32.3076923076923,NA,NA,NA,NA,NA
Squatina dumeril,731,Squatina,bathydemersal,NA,1,1375,NA,128,NA,90,152,TL,100,TL,NA,minor commercial,Squatinidae,Squatiniformes,Elasmobranchii,Chondrichthyes,747,NA,99.5,NA,mainly animals (troph. 2.8 and up),hunting macrofauna (predator),0,4.49,NA,NA,NA,NA,NA,NA,NA,NA
Stenotomus caprinus,1234,Stenotomus,demersal,NA,5,185,NA,NA,NA,20.52,30,TL,15,TL,NA,minor commercial,Sparidae,Eupercaria/misc,Teleostei,Osteichthyes,1250,1,10.75,NA,mainly animals (troph. 2.8 and up),hunting macrofauna (predator),0,3.43,NA,20,3,NA,NA,NA,NA,NA
Stenotomus chrysops,452,Stenotomus,demersal,oceanodromous,15,NA,NA,NA,NA,51.33,46,TL,25,TL,2060,commercial,Sparidae,Eupercaria/misc,Teleostei,Osteichthyes,466,NA,15.5500001907349,7860,mainly animals (troph. 2.8 and up),hunting macrofauna (predator),0,3.82,NA,37,15.2,NA,NA,NA,NA,0.875
Stephanolepis hispida,4281,Stephanolepis,reef-associated,NA,0,293,NA,NA,NA,30.52,36.9000015258789,TL,NA,NA,364.200012207031,subsistence fisheries,Monacanthidae,Tetraodontiformes,Teleostei,Osteichthyes,4477,NA,14.3999996185303,52697,mainly plants/detritus (troph. 2-2.19),grazing on aquatic plants,0,2.56,NA,NA,NA,26.4333333333333,0.39,237.1999,NA,NA
Syacium papillosum,4233,Syacium,reef-associated,NA,10,140,10,90,NA,20,30,TL,20,TL,NA,minor commercial,Cyclopsettidae,Pleuronectiformes,Teleostei,Osteichthyes,NA,NA,NA,NA,NA,NA,NA,NA,NA,NA,NA,NA,NA,NA,NA,NA
Symphurus civitatum,4263,Symphurus,demersal,NA,1,73,11,45,NA,10,17,TL,NA,NA,NA,NA,Cynoglossidae,Pleuronectiformes,Teleostei,Osteichthyes,NA,NA,NA,NA,NA,NA,NA,NA,NA,NA,NA,NA,NA,NA,NA,NA
Symphurus diomedeanus,1018,Symphurus,reef-associated,NA,6,263,21,80,NA,12,22,TL,18,TL,NA,of potential interest,Cynoglossidae,Pleuronectiformes,Teleostei,Osteichthyes,NA,NA,NA,NA,NA,NA,NA,NA,NA,NA,NA,NA,NA,NA,NA,NA
Symphurus marginatus,47499,Symphurus,bathydemersal,NA,37,750,320,550,NA,10,14.6000003814697,SL,NA,NA,NA,NA,Cynoglossidae,Pleuronectiformes,Teleostei,Osteichthyes,NA,NA,NA,NA,NA,NA,NA,NA,NA,NA,NA,NA,NA,NA,NA,NA
Symphurus plagiusa,1019,Symphurus,demersal,NA,0,183,1,30,NA,32.07,21,TL,NA,NA,NA,minor commercial,Cynoglossidae,Pleuronectiformes,Teleostei,Osteichthyes,1035,NA,9.60000038146973,NA,mainly animals (troph. 2.8 and up),hunting macrofauna (predator),0,3.2,NA,20.6000003814697,5,19.9733333333333,0.401666666666667,61.99528,NA,NA
Symphurus pusillus,4269,Symphurus,demersal,NA,102,233,115,233,NA,10,7.5,TL,NA,NA,NA,NA,Cynoglossidae,Pleuronectiformes,Teleostei,Osteichthyes,NA,NA,NA,NA,NA,NA,NA,NA,NA,NA,NA,NA,NA,NA,NA,NA
Symphurus urospilus,4270,Symphurus,demersal,NA,5,324,5,40,NA,10.25,16.6000003814697,SL,NA,NA,NA,NA,Cynoglossidae,Pleuronectiformes,Teleostei,Osteichthyes,NA,NA,NA,NA,NA,NA,NA,NA,NA,NA,NA,NA,NA,NA,NA,NA
Synagrops bellus,3311,Synagrops,bathydemersal,NA,60,910,107,179,NA,18.06,23,SL,20,TL,NA,of no interest,Synagropidae,Acropomatiformes,Teleostei,Osteichthyes,NA,NA,NA,NA,NA,NA,NA,NA,NA,NA,NA,NA,NA,NA,NA,NA
Syngnathus fuscus,3301,Syngnathus,demersal,amphidromous,5,49,NA,NA,NA,23,33,TL,17,TL,NA,NA,Syngnathidae,Syngnathiformes,Teleostei,Osteichthyes,NA,NA,NA,NA,NA,NA,NA,NA,NA,NA,NA,NA,NA,NA,NA,NA
Synodus foetens,2719,Synodus,reef-associated, ,0,200,NA,NA,NA,41.52,53.7999992370605,TL,30,TL,900,subsistence fisheries,Synodontidae,Aulopiformes,Teleostei,Osteichthyes,2915,NA,19,NA,mainly animals (troph. 2.8 and up),hunting macrofauna (predator),0,4.5,NA,48.2999992370605,NA,NA,NA,NA,NA,NA
Synodus intermedius,2720,Synodus,reef-associated,NA,3,320,NA,60,NA,36,46,TL,40,TL,1000,minor commercial,Synodontidae,Aulopiformes,Teleostei,Osteichthyes,NA,NA,NA,NA,NA,NA,NA,NA,NA,NA,NA,NA,NA,NA,NA,NA
Synodus poeyi,2722,Synodus,reef-associated,NA,27,320,NA,NA,NA,15,25,TL,NA,NA,NA,NA,Synodontidae,Aulopiformes,Teleostei,Osteichthyes,NA,NA,NA,NA,NA,NA,NA,NA,NA,NA,NA,NA,NA,NA,NA,NA
Tautoga onitis,458,Tautoga,reef-associated,NA,1,75,NA,NA,34,69.1,91,TL,NA,NA,11330,minor commercial,Labridae,Eupercaria/misc,Teleostei,Osteichthyes,472,3,23.0499997138977,5335000,mainly animals (troph. 2.8 and up),hunting macrofauna (predator),0,3.3199999332428,7143.5,75.5,25.75,NA,NA,NA,NA,1.01999998092651
Tautogolabrus adspersus,3672,Tautogolabrus,reef-associated,NA,10,128,NA,NA,6,44.63,44,TL,NA,NA,1000,NA,Labridae,Eupercaria/misc,Teleostei,Osteichthyes,3868,1,NA,NA,mainly animals (troph. 2.8 and up),hunting macrofauna (predator),0,3.72,NA,44,6,29.85,0.20275,393.6903275,NA,0.875
Tetronarce nobiliana,2553,Tetronarce,benthopelagic,oceanodromous,2,800,10,150,NA,90,180,TL,40,TL,90000,of no interest,Torpedinidae,Torpediniformes,Elasmobranchii,Chondrichthyes,NA,NA,NA,NA,NA,NA,NA,NA,NA,NA,NA,NA,NA,NA,NA,NA
Thunnus alalunga,142,Thunnus,pelagic-oceanic,oceanodromous,0,600,NA,NA,9,71.11,140,FL,100,FL,60320,highly commercial,Scombridae,Scombriformes,Teleostei,Osteichthyes,156,5,81.4600006103516,1727000,mainly animals (troph. 2.8 and up),hunting macrofauna (predator),0,4.3,40733.3333333333,116,10.25,NA,NA,NA,NA,NA
Trachinocephalus myops,2724,Trachinocephalus,reef-associated, ,0,400,3,90,7,15,25,TL,NA,NA,NA,minor commercial,Synodontidae,Aulopiformes,Teleostei,Osteichthyes,NA,NA,NA,NA,NA,NA,NA,NA,NA,NA,NA,NA,NA,NA,NA,NA
Trachurus lathami,369,Trachurus,reef-associated,NA,30,200,NA,NA,NA,37.06,40,TL,30,TL,500,commercial,Carangidae,Carangiformes,Teleostei,Osteichthyes,383,2,12.0333331425985,NA,mainly animals (troph. 2.8 and up),variable,0,3.99,NA,24,NA,29.95,0.235,155.15533,NA,NA
Trichiurus lepturus,1288,Trichiurus,benthopelagic,amphidromous,0,589,100,350,NA,51.14,234,TL,100,TL,5000,highly commercial,Trichiuridae,Scombriformes,Teleostei,Osteichthyes,1305,3.70000004768372,48.5916668574015,103270.5,mainly animals (troph. 2.8 and up),hunting macrofauna (predator),0,4.42,1047.59999847412,112.866666793823,NA,NA,NA,NA,NA,1.11499999463558
Triglops murrayi,4146,Triglops,demersal,non-migratory,7,530,NA,NA,NA,38.57,20,SL,NA,NA,NA,of no interest,Cottidae,Perciformes/Cottoidei,Teleostei,Osteichthyes,NA,NA,NA,NA,NA,NA,NA,NA,NA,NA,NA,NA,NA,NA,NA,NA
Trinectes maculatus,4260,Trinectes,demersal,amphidromous,0,75,50,60,7,36.78,20,TL,11,TL,NA,of no interest,Achiridae,Pleuronectiformes,Teleostei,Osteichthyes,4456,1.66666666666667,10,NA,mainly animals (troph. 2.8 and up),NA,0,NA,NA,NA,7,NA,NA,NA,NA,0.75
Ulvaria subbifurcata,3796,Ulvaria,benthopelagic,NA,NA,NA,NA,NA,NA,40.11,18,TL,NA,NA,NA,NA,Stichaeidae,Perciformes/Zoarcoidei,Teleostei,Osteichthyes,NA,NA,NA,NA,NA,NA,NA,NA,NA,NA,NA,NA,NA,NA,NA,NA
Upeneus parvus,1095,Upeneus,demersal,NA,18,100,40,70,NA,31.41,30,TL,20,TL,180,commercial,Mullidae,Mulliformes,Teleostei,Osteichthyes,1111,NA,14.6000003814697,NA,mainly animals (troph. 2.8 and up),hunting macrofauna (predator),0,3.93,127.75,19.0500001907349,NA,24.21,0.36,NA,NA,NA
Urophycis chuss,312,Urophycis,demersal,oceanodromous,35,1152,110,130,NA,50.96,66,TL,NA,NA,3600,commercial,Phycidae,Gadiformes,Teleostei,Osteichthyes,326,1.67499998211861,24.5,NA,mainly animals (troph. 2.8 and up),variable,0,3.72,NA,52,NA,60.2,0.19,NA,NA,0.185000002384186
Urophycis earllii,1885,Urophycis,demersal,non-migratory,0,81,NA,NA,NA,35,45,TL,NA,NA,NA,minor commercial,Phycidae,Gadiformes,Teleostei,Osteichthyes,NA,NA,NA,NA,NA,NA,NA,NA,NA,NA,NA,NA,NA,NA,NA,NA
Urophycis floridana,1882,Urophycis,demersal,non-migratory,0,400,NA,NA,NA,25,35,TL,25,TL,NA,minor commercial,Phycidae,Gadiformes,Teleostei,Osteichthyes,NA,NA,NA,NA,NA,NA,NA,NA,NA,NA,NA,NA,NA,NA,NA,NA
Urophycis regia,1883,Urophycis,demersal,non-migratory,0,494,110,185,NA,33,43,TL,17,TL,NA,minor commercial,Phycidae,Gadiformes,Teleostei,Osteichthyes,NA,NA,NA,NA,NA,NA,NA,NA,NA,NA,NA,NA,NA,NA,NA,NA
Urophycis tenuis,313,Urophycis,demersal,oceanodromous,100,1000,100,247,23,71.81,133,TL,70,TL,20970,highly commercial,Phycidae,Gadiformes,Teleostei,Osteichthyes,327,1.39999997615814,42.6333332061768,8e+06,mainly animals (troph. 2.8 and up),variable,-1,4.27,NA,135,23,NA,NA,NA,NA,NA
Xenocephalus egregius,3705,Xenocephalus,demersal,NA,180,440,NA,NA,NA,23,33,TL,NA,NA,NA,NA,Uranoscopidae,Perciformes/Uranoscopoidei,Teleostei,Osteichthyes,NA,NA,NA,NA,NA,NA,NA,NA,NA,NA,NA,NA,NA,NA,NA,NA
Xenolepidichthys dalgleishi,3257,Xenolepidichthys,benthopelagic,NA,128,885,200,400,NA,10,15,TL,NA,NA,NA,of no interest,Grammicolepididae,Zeiformes,Teleostei,Osteichthyes,NA,NA,NA,NA,NA,NA,NA,NA,NA,NA,NA,NA,NA,NA,NA,NA
Xiphias gladius,226,Xiphias,pelagic-oceanic,oceanodromous,0,2878,0,550,NA,71.96,455,FL,300,TL,650000,commercial,Xiphiidae,Carangiformes,Teleostei,Osteichthyes,240,5.5,163.666666666667,7333333.33333333,mainly animals (troph. 2.8 and up),hunting macrofauna (predator),0,4.53,341500,266.6,10.625,NA,NA,NA,NA,1.69999998807907
Xiphias gladius,226,Xiphias,pelagic-oceanic,oceanodromous,0,2878,0,550,NA,71.96,455,FL,300,TL,650000,commercial,Xiphiidae,Carangiformes,Teleostei,Osteichthyes,20647,NA,203,NA,NA,NA,NA,NA,NA,NA,NA,NA,NA,NA,NA,NA
Zenopsis conchifer,336,Zenopsis,benthopelagic, ,50,600,150,300,NA,52,80,TL,50,TL,3200,commercial,Zeidae,Zeiformes,Teleostei,Osteichthyes,NA,NA,NA,NA,NA,NA,NA,NA,NA,NA,NA,NA,NA,NA,NA,NA
Zoarces americanus,480,Zoarces,demersal,oceanodromous,0,388,NA,NA,18,67.28,110,TL,NA,NA,5436,commercial,Zoarcidae,Perciformes/Zoarcoidei,Teleostei,Osteichthyes,494,NA,29.9249997138977,NA,mainly animals (troph. 2.8 and up),hunting macrofauna (predator),0,4.24,NA,107,18,NA,NA,NA,NA,NA
